ID,DATE
0,2021-04-13
1,2021-04-12
2,2021-04-10
3,2021-04-09
4,2021-04-08
5,2021-04-07
6,2021-04-06
7,2021-04-05
8,2021-04-04
9,2021-04-03
10,2021-04-02
11,2021-04-01
12,2021-03-31
13,2021-03-30
14,2021-03-29
15,2021-03-28
16,2021-03-27
17,2021-03-26
18,2021-03-25
19,2021-03-24
20,2021-03-23
21,2021-03-22
22,2021-03-21
23,2021-03-20
24,2021-03-19
25,2021-03-18
26,2021-03-17
27,2021-03-16
28,2021-03-15
29,2021-03-14
30,2021-03-13
31,2021-03-12
32,2021-03-11
33,2021-03-10
34,2021-03-09
35,2021-03-08
36,2021-03-07
37,2021-03-06
38,2021-03-05
39,2021-03-04
40,2021-03-03
41,2021-03-02
42,2021-03-01
43,2021-02-28
44,2021-02-27
45,2021-02-26
46,2021-02-25
47,2021-02-24
48,2021-02-23
49,2021-02-22
50,2021-02-20
51,2021-02-19
52,2021-02-18
53,2021-02-17
54,2021-02-16
55,2021-02-15
56,2021-02-14
57,2021-02-13
58,2021-02-12
59,2021-02-11
60,2021-02-10
61,2021-02-09
62,2021-02-08
63,2021-02-07
64,2021-02-06
65,2021-02-05
66,2021-02-04
67,2021-02-03
68,2021-02-02
69,2021-02-01
70,2021-01-31
71,2021-01-30
72,2021-01-29
73,2021-01-28
74,2021-01-27
75,2021-01-26
76,2021-01-25
77,2021-01-24
78,2021-01-23
79,2021-01-22
80,2021-01-21
81,2021-01-20
82,2021-01-19
83,2021-01-18
84,2021-01-17
85,2021-01-16
86,2021-01-15
87,2021-01-14
88,2021-01-13
89,2021-01-12
90,2021-01-11
91,2021-01-10
92,2021-01-09
93,2021-01-08
94,2021-01-07
95,2021-01-06
96,2021-01-05
97,2021-01-04
98,2021-01-03
99,2021-01-02
100,2021-01-01
101,2020-12-31
102,2020-12-30
103,2020-12-29
104,2020-12-28
105,2020-12-27
106,2020-12-26
107,2020-12-24
108,2020-12-23
109,2020-12-22
110,2020-12-21
111,2020-12-20
112,2020-12-17
113,2020-12-16
114,2020-12-15
115,2020-12-14
116,2020-12-13
117,2020-12-12
118,2020-12-11
119,2020-12-10
120,2020-12-09
121,2020-12-08
122,2020-12-07
123,2020-12-06
124,2020-12-05
125,2020-12-04
126,2020-12-03
127,2020-12-02
128,2020-12-01
129,2020-11-30
130,2020-11-29
131,2020-11-28
132,2020-11-27
133,2020-11-26
134,2020-11-25
135,2020-11-24
136,2020-11-23
137,2020-11-22
138,2020-11-21
139,2020-11-20
140,2020-11-19
141,2020-11-18
142,2020-11-17
143,2020-11-16
144,2020-11-14
145,2020-11-13
146,2020-11-12
147,2020-11-11
148,2020-11-10
149,2020-11-09
150,2020-11-08
151,2020-11-07
152,2020-11-06
153,2020-11-05
154,2020-11-04
155,2020-11-03
156,2020-11-02
157,2020-11-01
158,2020-10-31
159,2020-10-30
160,2020-10-29
161,2020-10-28
162,2020-10-27
163,2020-10-26
164,2020-10-25
165,2020-10-24
166,2020-10-23
167,2020-10-22
168,2020-10-21
169,2020-10-20
170,2020-10-19
171,2020-10-18
172,2020-10-17
173,2020-10-16
174,2020-10-15
175,2020-10-14
176,2020-10-13
177,2020-10-12
178,2020-10-11
179,2020-10-10
180,2020-10-09
181,2020-10-08
182,2020-10-07
183,2020-10-06
184,2020-10-05
185,2020-10-03
186,2020-10-02
187,2020-10-01
188,2020-09-30
189,2020-09-29
190,2020-09-28
191,2020-09-27
192,2020-09-26
193,2020-09-25
194,2020-09-24
195,2020-09-23
196,2020-09-22
197,2020-09-21
198,2020-09-20
199,2020-09-19
200,2020-09-18
201,2020-09-17
202,2020-09-16
203,2020-09-15
204,2020-09-14
205,2020-09-13
206,2020-09-12
207,2020-09-11
208,2020-09-10
209,2020-09-09
210,2020-09-08
211,2020-09-07
212,2020-09-06
213,2020-09-05
214,2020-09-04
215,2020-09-03
216,2020-09-02
217,2020-09-01
218,2020-08-31
219,2020-08-30
220,2020-08-29
221,2020-08-28
222,2020-08-27
223,2020-08-26
224,2020-08-25
225,2020-08-24
226,2020-08-23
227,2020-08-22
228,2020-08-21
229,2020-08-20
230,2020-08-19
231,2020-08-18
232,2020-08-17
233,2020-08-16
234,2020-08-15
235,2020-08-14
236,2020-08-13
237,2020-08-12
238,2020-08-11
239,2020-08-10
240,2020-08-09
241,2020-08-08
242,2020-08-07
243,2020-08-06
244,2020-08-05
245,2020-08-04
246,2020-08-03
247,2020-08-02
248,2020-08-01
249,2020-07-31
250,2020-07-30
251,2020-07-29
252,2020-07-28
253,2020-07-27
254,2020-07-26
255,2020-07-25
256,2020-07-24
257,2020-07-23
258,2020-07-22
259,2020-07-21
260,2020-07-20
261,2020-07-19
262,2020-07-18
263,2020-07-17
264,2020-07-16
265,2020-07-15
266,2020-07-14
267,2020-07-13
268,2020-07-12
269,2020-07-11
270,2020-07-10
271,2020-07-09
272,2020-07-08
273,2020-07-07
274,2020-07-06
275,2020-07-05
276,2020-07-04
277,2020-07-03
278,2020-07-02
279,2020-07-01
280,2020-06-30
281,2020-06-29
282,2020-06-28
283,2020-06-27
284,2020-06-26
285,2020-06-25
286,2020-06-24
287,2020-06-23
288,2020-06-22
289,2020-06-21
290,2020-06-20
291,2020-06-19
292,2020-06-18
293,2020-06-17
294,2020-06-16
295,2020-06-15
296,2020-06-14
297,2020-06-13
298,2020-06-12
299,2020-06-11
300,2020-06-10
301,2020-06-09
302,2020-06-08
303,2020-06-07
304,2020-06-06
305,2020-06-05
306,2020-06-04
307,2020-06-03
308,2020-06-02
309,2020-06-01
310,2020-05-31
311,2020-05-30
312,2020-05-29
313,2020-05-28
314,2020-05-27
315,2020-05-26
316,2020-05-25
317,2020-05-24
318,2020-05-23
319,2020-05-22
320,2020-05-21
321,2020-05-20
322,2020-05-19
323,2020-05-18
324,2020-05-17
325,2020-05-16
326,2020-05-15
327,2020-05-14
328,2020-05-13
329,2020-05-12
330,2020-05-11
331,2020-05-10
332,2020-05-09
333,2020-05-08
334,2020-05-07
335,2020-05-06
336,2020-05-05
337,2020-05-04
338,2020-05-03
339,2020-05-02
340,2020-05-01
341,2020-04-30
342,2020-04-29
343,2020-04-28
344,2020-04-27
345,2020-04-26
346,2020-04-25
347,2020-04-24
348,2020-04-23
349,2020-04-22
350,2020-04-21
351,2020-04-20
352,2020-04-17
353,2020-04-16
354,2020-04-15
355,2020-04-14
356,2020-04-13
357,2020-04-12
358,2020-04-11
359,2020-04-10
360,2020-04-09
361,2020-04-08
362,2020-04-07
363,2020-04-06
364,2020-04-05
365,2020-04-04
366,2020-04-03
367,2020-04-02
368,2020-04-01
369,2020-03-31
370,2020-03-30
371,2020-03-28
372,2020-03-27
373,2020-03-26
374,2020-03-25
375,2020-03-24
376,2020-03-23
377,2020-03-22
378,2020-03-21
379,2020-03-20
380,2020-03-19
381,2020-03-18
382,2020-03-17
383,2020-03-16
384,2020-03-15
385,2020-03-14
386,2020-03-13
387,2020-03-12
388,2020-03-11
389,2020-03-10
390,2020-03-09
391,2020-03-08
392,2020-03-07
393,2020-03-06
394,2020-03-05
395,2020-03-04
396,2020-03-03
397,2020-03-02
398,2020-02-29
399,2020-02-28
400,2020-02-27
401,2020-02-26
402,2020-02-25
403,2020-02-24
404,2020-02-22
405,2020-02-21
406,2020-02-20
407,2020-02-19
408,2020-02-18
409,2020-02-17
410,2020-02-16
411,2020-02-15
412,2020-02-14
413,2020-02-13
414,2020-02-12
415,2020-02-11
416,2020-02-10
417,2020-02-09
418,2020-02-08
419,2020-02-07
420,2020-02-06
421,2020-02-05
422,2020-02-04
423,2020-02-03
424,2020-02-02
425,2020-02-01
426,2020-01-31
427,2020-01-30
428,2020-01-29
429,2020-01-28
430,2020-01-27
431,2020-01-26
432,2020-01-25
433,2020-01-24
434,2020-01-23
435,2020-01-22
436,2020-01-21
437,2020-01-20
438,2020-01-19
439,2020-01-18
440,2020-01-17
441,2020-01-16
442,2020-01-15
443,2020-01-14
444,2020-01-13
445,2020-01-12
446,2020-01-11
447,2020-01-10
448,2020-01-09
449,2020-01-08
450,2020-01-07
451,2020-01-06
452,2020-01-05
453,2020-01-04
454,2020-01-03
455,2020-01-02
456,2020-01-01
457,2019-12-31
458,2019-12-30
459,2019-12-29
460,2019-12-28
461,2019-12-27
462,2019-12-26
463,2019-12-25
464,2019-12-24
465,2019-12-23
466,2019-12-22
467,2019-12-21
468,2019-12-20
469,2019-12-19
470,2019-12-18
471,2019-12-17
472,2019-12-16
473,2019-12-15
474,2019-12-14
475,2019-12-13
476,2019-12-12
477,2019-12-11
478,2019-12-10
479,2019-12-09
480,2019-12-08
481,2019-12-07
482,2019-12-06
483,2019-12-05
484,2019-12-04
485,2019-12-03
486,2019-12-02
487,2019-12-01
488,2019-11-30
489,2019-11-29
490,2019-11-28
491,2019-11-27
492,2019-11-26
493,2019-11-25
494,2019-11-24
495,2019-11-23
496,2019-11-22
497,2019-11-21
498,2019-11-20
499,2019-11-19
500,2019-11-18
501,2019-11-17
502,2019-11-16
503,2019-11-15
504,2019-11-14
505,2019-11-13
506,2019-11-12
507,2019-11-11
508,2019-11-10
509,2019-11-09
510,2019-11-08
511,2019-11-07
512,2019-11-06
513,2019-11-05
514,2019-11-04
515,2019-11-03
516,2019-11-02
517,2019-11-01
518,2019-10-31
519,2019-10-30
520,2019-10-29
521,2019-10-28
522,2019-10-27
523,2019-10-26
524,2019-10-25
525,2019-10-24
526,2019-10-23
527,2019-10-22
528,2019-10-21
529,2019-10-20
530,2019-10-19
531,2019-10-18
532,2019-10-17
533,2019-10-16
534,2019-10-15
535,2019-10-14
536,2019-10-13
537,2019-10-12
538,2019-10-11
539,2019-10-10
540,2019-10-09
541,2019-10-08
542,2019-10-07
543,2019-10-06
544,2019-10-05
545,2019-10-04
546,2019-10-03
547,2019-10-02
548,2019-10-01
549,2019-09-30
550,2019-09-29
551,2019-09-28
552,2019-09-27
553,2019-09-26
554,2019-09-25
555,2019-09-24
556,2019-09-23
557,2019-09-22
558,2019-09-21
559,2019-09-20
560,2019-09-19
561,2019-09-18
562,2019-09-17
563,2019-09-16
564,2019-09-15
565,2019-09-14
566,2019-09-13
567,2019-09-12
568,2019-09-11
569,2019-09-10
570,2019-09-09
571,2019-09-07
572,2019-09-06
573,2019-09-05
574,2019-09-04
575,2019-09-03
576,2019-09-02
577,2019-09-01
578,2019-08-31
579,2019-08-30
580,2019-08-29
581,2019-08-28
582,2019-08-27
583,2019-08-26
584,2019-08-25
585,2019-08-24
586,2019-08-23
587,2019-08-22
588,2019-08-21
589,2019-08-20
590,2019-08-19
591,2019-08-18
592,2019-08-17
593,2019-08-16
594,2019-08-15
595,2019-08-14
596,2019-08-13
597,2019-08-12
598,2019-08-11
599,2019-08-10
600,2019-08-09
601,2019-08-08
602,2019-08-07
603,2019-08-06
604,2019-08-05
605,2019-08-04
606,2019-08-03
607,2019-08-02
608,2019-08-01
609,2019-07-31
610,2019-07-30
611,2019-07-29
612,2019-07-28
613,2019-07-27
614,2019-07-26
615,2019-07-25
616,2019-07-24
617,2019-07-23
618,2019-07-22
619,2019-07-21
620,2019-07-20
621,2019-07-19
622,2019-07-18
623,2019-07-17
624,2019-07-16
625,2019-07-15
626,2019-07-13
627,2019-07-12
628,2019-07-11
629,2019-07-10
630,2019-07-09
631,2019-07-08
632,2019-07-07
633,2019-07-06
634,2019-07-05
635,2019-07-04
636,2019-07-03
637,2019-07-02
638,2019-07-01
639,2019-06-30
640,2019-06-29
641,2019-06-28
642,2019-06-27
643,2019-06-26
644,2019-06-25
645,2019-06-24
646,2019-06-23
647,2019-06-22
648,2019-06-21
649,2019-06-20
650,2019-06-19
651,2019-06-18
652,2019-06-17
653,2019-06-16
654,2019-06-15
655,2019-06-14
656,2019-06-13
657,2019-06-12
658,2019-06-11
659,2019-06-10
660,2019-06-09
661,2019-06-08
662,2019-06-07
663,2019-06-06
664,2019-06-05
665,2019-06-04
666,2019-06-03
667,2019-06-02
668,2019-06-01
669,2019-05-31
670,2019-05-30
671,2019-05-29
672,2019-05-28
673,2019-05-27
674,2019-05-26
675,2019-05-25
676,2019-05-24
677,2019-05-23
678,2019-05-22
679,2019-05-21
680,2019-05-20
681,2019-05-19
682,2019-05-18
683,2019-05-17
684,2019-05-16
685,2019-05-15
686,2019-05-14
687,2019-05-13
688,2019-05-12
689,2019-05-11
690,2019-05-10
691,2019-05-09
692,2019-05-08
693,2019-05-07
694,2019-05-06
695,2019-05-05
696,2019-05-04
697,2019-05-03
698,2019-05-02
699,2019-05-01
700,2019-04-30
701,2019-04-29
702,2019-04-28
703,2019-04-27
704,2019-04-26
705,2019-04-25
706,2019-04-24
707,2019-04-23
708,2019-04-22
709,2019-04-20
710,2019-04-19
711,2019-04-18
712,2019-04-17
713,2019-04-16
714,2019-04-15
715,2019-04-14
716,2019-04-13
717,2019-04-12
718,2019-04-11
719,2019-04-10
720,2019-04-09
721,2019-04-08
722,2019-04-07
723,2019-04-06
724,2019-04-05
725,2019-04-04
726,2019-04-03
727,2019-04-02
728,2019-04-01
729,2019-03-31
730,2019-03-30
731,2019-03-29
732,2019-03-28
733,2019-03-27
734,2019-03-26
735,2019-03-25
736,2019-03-24
737,2019-03-23
738,2019-03-22
739,2019-03-21
740,2019-03-20
741,2019-03-19
742,2019-03-18
743,2019-03-17
744,2019-03-16
745,2019-03-15
746,2019-03-14
747,2019-03-13
748,2019-03-12
749,2019-03-11
750,2019-03-10
751,2019-03-09
752,2019-03-08
753,2019-03-07
754,2019-03-06
755,2019-03-05
756,2019-03-04
757,2019-03-03
758,2019-03-02
759,2019-03-01
760,2019-02-28
761,2019-02-27
762,2019-02-26
763,2019-02-25
764,2019-02-24
765,2019-02-23
766,2019-02-22
767,2019-02-21
768,2019-02-20
769,2019-02-19
770,2019-02-18
771,2019-02-17
772,2019-02-16
773,2019-02-15
774,2019-02-14
775,2019-02-13
776,2019-02-12
777,2019-02-11
778,2019-02-10
779,2019-02-09
780,2019-02-08
781,2019-02-07
782,2019-02-06
783,2019-02-05
784,2019-02-04
785,2019-02-03
786,2019-02-02
787,2019-02-01
788,2019-01-31
789,2019-01-30
790,2019-01-29
791,2019-01-28
792,2019-01-27
793,2019-01-26
794,2019-01-25
795,2019-01-24
796,2019-01-23
797,2019-01-22
798,2019-01-21
799,2019-01-20
800,2019-01-19
801,2019-01-18
802,2019-01-17
803,2019-01-16
804,2019-01-15
805,2019-01-14
806,2019-01-13
807,2019-01-12
808,2019-01-11
809,2019-01-10
810,2019-01-09
811,2019-01-08
812,2019-01-07
813,2019-01-06
814,2019-01-05
815,2019-01-04
816,2019-01-03
817,2019-01-02
818,2019-01-01
819,2018-12-31
820,2018-12-29
821,2018-12-28
822,2018-12-27
823,2018-12-26
824,2018-12-25
825,2018-12-24
826,2018-12-23
827,2018-12-22
828,2018-12-21
829,2018-12-20
830,2018-12-19
831,2018-12-18
832,2018-12-17
833,2018-12-16
834,2018-12-15
835,2018-12-14
836,2018-12-13
837,2018-12-12
838,2018-12-11
839,2018-12-10
840,2018-12-09
841,2018-12-08
842,2018-12-07
843,2018-12-06
844,2018-12-05
845,2018-12-04
846,2018-12-03
847,2018-12-02
848,2018-12-01
849,2018-11-30
850,2018-11-29
851,2018-11-28
852,2018-11-27
853,2018-11-26
854,2018-11-25
855,2018-11-24
856,2018-11-23
857,2018-11-22
858,2018-11-21
859,2018-11-20
860,2018-11-19
861,2018-11-18
862,2018-11-17
863,2018-11-16
864,2018-11-15
865,2018-11-14
866,2018-11-13
867,2018-11-12
868,2018-11-11
869,2018-11-10
870,2018-11-09
871,2018-11-08
872,2018-11-07
873,2018-11-06
874,2018-11-05
875,2018-11-04
876,2018-11-03
877,2018-11-02
878,2018-11-01
879,2018-10-31
880,2018-10-30
881,2018-10-29
882,2018-10-28
883,2018-10-27
884,2018-10-26
885,2018-10-25
886,2018-10-24
887,2018-10-23
888,2018-10-22
889,2018-10-21
890,2018-10-20
891,2018-10-19
892,2018-10-18
893,2018-10-17
894,2018-10-16
895,2018-10-15
896,2018-10-14
897,2018-10-13
898,2018-10-12
899,2018-10-11
900,2018-10-10
901,2018-10-09
902,2018-10-08
903,2018-10-07
904,2018-10-06
905,2018-10-05
906,2018-10-04
907,2018-10-03
908,2018-10-02
909,2018-10-01
910,2018-09-30
911,2018-09-29
912,2018-09-28
913,2018-09-27
914,2018-09-26
915,2018-09-25
916,2018-09-24
917,2018-09-23
918,2018-09-22
919,2018-09-21
920,2018-09-20
921,2018-09-19
922,2018-09-18
923,2018-09-17
924,2018-09-16
925,2018-09-15
926,2018-09-14
927,2018-09-13
928,2018-09-12
929,2018-09-11
930,2018-09-10
931,2018-09-09
932,2018-09-08
933,2018-09-07
934,2018-09-06
935,2018-09-05
936,2018-09-04
937,2018-09-03
938,2018-09-02
939,2018-09-01
940,2018-08-31
941,2018-08-30
942,2018-08-29
943,2018-08-28
944,2018-08-27
945,2018-08-26
946,2018-08-25
947,2018-08-24
948,2018-08-23
949,2018-08-22
950,2018-08-21
951,2018-08-20
952,2018-08-19
953,2018-08-18
954,2018-08-17
955,2018-08-16
956,2018-08-15
957,2018-08-14
958,2018-08-13
959,2018-08-12
960,2018-08-11
961,2018-08-10
962,2018-08-09
963,2018-08-08
964,2018-08-07
965,2018-08-06
966,2018-08-05
967,2018-08-04
968,2018-08-03
969,2018-08-02
970,2018-08-01
971,2018-07-31
972,2018-07-30
973,2018-07-29
974,2018-07-28
975,2018-07-27
976,2018-07-26
977,2018-07-25
978,2018-07-24
979,2018-07-23
980,2018-07-22
981,2018-07-21
982,2018-07-20
983,2018-07-19
984,2018-07-18
985,2018-07-17
986,2018-07-16
987,2018-07-15
988,2018-07-14
989,2018-07-13
990,2018-07-12
991,2018-07-11
992,2018-07-10
993,2018-07-09
994,2018-07-08
995,2018-07-07
996,2018-07-06
997,2018-07-05
998,2018-07-04
999,2018-07-03
1000,2018-07-02
1001,2018-07-01
1002,2018-06-30
1003,2018-06-29
1004,2018-06-28
1005,2018-06-27
1006,2018-06-26
1007,2018-06-25
1008,2018-06-24
1009,2018-06-23
1010,2018-06-22
1011,2018-06-21
1012,2018-06-20
1013,2018-06-19
1014,2018-06-18
1015,2018-06-17
1016,2018-06-16
1017,2018-06-15
1018,2018-06-14
1019,2018-06-13
1020,2018-06-12
1021,2018-06-11
1022,2018-06-10
1023,2018-06-09
1024,2018-06-08
1025,2018-06-07
1026,2018-06-06
1027,2018-06-05
1028,2018-06-04
1029,2018-06-03
1030,2018-06-02
1031,2018-06-01
1032,2018-05-31
1033,2018-05-30
1034,2018-05-29
1035,2018-05-28
1036,2018-05-27
1037,2018-05-26
1038,2018-05-25
1039,2018-05-24
1040,2018-05-23
1041,2018-05-22
1042,2018-05-21
1043,2018-05-20
1044,2018-05-19
1045,2018-05-18
1046,2018-05-17
1047,2018-05-16
1048,2018-05-15
1049,2018-05-14
1050,2018-05-13
1051,2018-05-12
1052,2018-05-11
1053,2018-05-10
1054,2018-05-09
1055,2018-05-08
1056,2018-05-07
1057,2018-05-06
1058,2018-05-05
1059,2018-05-04
1060,2018-05-03
1061,2018-05-02
1062,2018-05-01
1063,2018-04-30
1064,2018-04-29
1065,2018-04-28
1066,2018-04-27
1067,2018-04-26
1068,2018-04-25
1069,2018-04-24
1070,2018-04-23
1071,2018-04-22
1072,2018-04-21
1073,2018-04-20
1074,2018-04-19
1075,2018-04-18
1076,2018-04-17
1077,2018-04-16
1078,2018-04-14
1079,2018-04-13
1080,2018-04-12
1081,2018-04-11
1082,2018-04-10
1083,2018-04-09
1084,2018-04-08
1085,2018-04-07
1086,2018-04-06
1087,2018-04-05
1088,2018-04-04
1089,2018-04-03
1090,2018-04-02
1091,2018-04-01
1092,2018-03-31
1093,2018-03-30
1094,2018-03-29
1095,2018-03-28
1096,2018-03-27
1097,2018-03-26
1098,2018-03-25
1099,2018-03-24
1100,2018-03-23
1101,2018-03-22
1102,2018-03-21
1103,2018-03-20
1104,2018-03-19
1105,2018-03-18
1106,2018-03-17
1107,2018-03-16
1108,2018-03-15
1109,2018-03-14
1110,2018-03-13
1111,2018-03-12
1112,2018-03-11
1113,2018-03-10
1114,2018-03-09
1115,2018-03-08
1116,2018-03-07
1117,2018-03-06
1118,2018-03-05
1119,2018-03-04
1120,2018-03-03
1121,2018-03-02
1122,2018-03-01
1123,2018-02-28
1124,2018-02-27
1125,2018-02-26
1126,2018-02-25
1127,2018-02-24
1128,2018-02-23
1129,2018-02-22
1130,2018-02-21
1131,2018-02-20
1132,2018-02-19
1133,2018-02-18
1134,2018-02-17
1135,2018-02-16
1136,2018-02-15
1137,2018-02-14
1138,2018-02-13
1139,2018-02-12
1140,2018-02-11
1141,2018-02-10
1142,2018-02-09
1143,2018-02-08
1144,2018-02-07
1145,2018-02-06
1146,2018-02-05
1147,2018-02-04
1148,2018-02-03
1149,2018-02-02
1150,2018-02-01
1151,2018-01-31
1152,2018-01-30
1153,2018-01-29
1154,2018-01-28
1155,2018-01-27
1156,2018-01-26
1157,2018-01-25
1158,2018-01-24
1159,2018-01-23
1160,2018-01-22
1161,2018-01-21
1162,2018-01-20
1163,2018-01-19
1164,2018-01-18
1165,2018-01-17
1166,2018-01-16
1167,2018-01-15
1168,2018-01-14
1169,2018-01-13
1170,2018-01-12
1171,2018-01-11
1172,2018-01-10
1173,2018-01-09
1174,2018-01-08
1175,2018-01-07
1176,2018-01-06
1177,2018-01-05
1178,2018-01-04
1179,2018-01-03
1180,2018-01-02
1181,2018-01-01
1182,2017-12-31
1183,2017-12-30
1184,2017-12-29
1185,2017-12-28
1186,2017-12-27
1187,2017-12-26
1188,2017-12-24
1189,2017-12-23
1190,2017-12-22
1191,2017-12-21
1192,2017-12-20
1193,2017-12-19
1194,2017-12-18
1195,2017-12-17
1196,2017-12-16
1197,2017-12-15
1198,2017-12-14
1199,2017-12-13
1200,2017-12-12
1201,2017-12-11
1202,2017-12-10
1203,2017-12-09
1204,2017-12-08
1205,2017-12-07
1206,2017-12-06
1207,2017-12-05
1208,2017-12-04
1209,2017-12-03
1210,2017-12-02
1211,2017-12-01
1212,2017-11-30
1213,2017-11-29
1214,2017-11-28
1215,2017-11-27
1216,2017-11-26
1217,2017-11-25
1218,2017-11-24
1219,2017-11-23
1220,2017-11-22
1221,2017-11-21
1222,2017-11-20
1223,2017-11-19
1224,2017-11-18
1225,2017-11-17
1226,2017-11-16
1227,2017-11-15
1228,2017-11-14
1229,2017-11-13
1230,2017-11-12
1231,2017-11-11
1232,2017-11-10
1233,2017-11-09
1234,2017-11-08
1235,2017-11-07
1236,2017-11-06
1237,2017-11-05
1238,2017-11-04
1239,2017-11-03
1240,2017-11-02
1241,2017-11-01
1242,2017-10-31
1243,2017-10-30
1244,2017-10-29
1245,2017-10-28
1246,2017-10-27
1247,2017-10-26
1248,2017-10-25
1249,2017-10-24
1250,2017-10-23
1251,2017-10-22
1252,2017-10-20
1253,2017-10-19
1254,2017-10-18
1255,2017-10-17
1256,2017-10-16
1257,2017-10-15
1258,2017-10-14
1259,2017-10-13
1260,2017-10-12
1261,2017-10-11
1262,2017-10-10
1263,2017-10-09
1264,2017-10-08
1265,2017-10-06
1266,2017-10-05
1267,2017-10-04
1268,2017-10-03
1269,2017-10-02
1270,2017-10-01
1271,2017-09-30
1272,2017-09-29
1273,2017-09-28
1274,2017-09-27
1275,2017-09-26
1276,2017-09-25
1277,2017-09-23
1278,2017-09-22
1279,2017-09-21
1280,2017-09-20
1281,2017-09-19
1282,2017-09-18
1283,2017-09-17
1284,2017-09-16
1285,2017-09-15
1286,2017-09-14
1287,2017-09-13
1288,2017-09-12
1289,2017-09-11
1290,2017-09-10
1291,2017-09-09
1292,2017-09-08
1293,2017-09-07
1294,2017-09-06
1295,2017-09-05
1296,2017-09-04
1297,2017-09-03
1298,2017-09-02
1299,2017-09-01
1300,2017-08-31
1301,2017-08-30
1302,2017-08-29
1303,2017-08-28
1304,2017-08-27
1305,2017-08-26
1306,2017-08-25
1307,2017-08-24
1308,2017-08-23
1309,2017-08-22
1310,2017-08-21
1311,2017-08-20
1312,2017-08-19
1313,2017-08-18
1314,2017-08-17
1315,2017-08-16
1316,2017-08-15
1317,2017-08-14
1318,2017-08-13
1319,2017-08-12
1320,2017-08-11
1321,2017-08-10
1322,2017-08-09
1323,2017-08-08
1324,2017-08-07
1325,2017-08-06
1326,2017-08-05
1327,2017-08-04
1328,2017-08-03
1329,2017-08-02
1330,2017-08-01
1331,2017-07-31
1332,2017-07-30
1333,2017-07-29
1334,2017-07-28
1335,2017-07-27
1336,2017-07-26
1337,2017-07-25
1338,2017-07-24
1339,2017-07-22
1340,2017-07-21
1341,2017-07-20
1342,2017-07-19
1343,2017-07-18
1344,2017-07-17
1345,2017-07-16
1346,2017-07-15
1347,2017-07-14
1348,2017-07-13
1349,2017-07-12
1350,2017-07-11
1351,2017-07-10
1352,2017-07-07
1353,2017-07-06
1354,2017-07-05
1355,2017-07-04
1356,2017-07-03
1357,2017-07-02
1358,2017-07-01
1359,2017-06-30
1360,2017-06-29
1361,2017-06-28
1362,2017-06-27
1363,2017-06-26
1364,2017-06-24
1365,2017-06-23
1366,2017-06-22
1367,2017-06-21
1368,2017-06-20
1369,2017-06-19
1370,2017-06-18
1371,2017-06-17
1372,2017-06-16
1373,2017-06-15
1374,2017-06-14
1375,2017-06-13
1376,2017-06-12
1377,2017-06-11
1378,2017-06-10
1379,2017-06-09
1380,2017-06-08
1381,2017-06-07
1382,2017-06-06
1383,2017-06-05
1384,2017-06-04
1385,2017-06-03
1386,2017-06-02
1387,2017-06-01
1388,2017-05-31
1389,2017-05-30
1390,2017-05-29
1391,2017-05-27
1392,2017-05-26
1393,2017-05-25
1394,2017-05-24
1395,2017-05-23
1396,2017-05-22
1397,2017-05-21
1398,2017-05-19
1399,2017-05-18
1400,2017-05-17
1401,2017-05-16
1402,2017-05-15
1403,2017-05-14
1404,2017-05-13
1405,2017-05-12
1406,2017-05-11
1407,2017-05-10
1408,2017-05-09
1409,2017-05-08
1410,2017-05-07
1411,2017-05-04
1412,2017-05-03
1413,2017-05-02
1414,2017-05-01
1415,2017-04-29
1416,2017-04-28
1417,2017-04-27
1418,2017-04-26
1419,2017-04-25
1420,2017-04-24
1421,2017-04-23
1422,2017-04-22
1423,2017-04-21
1424,2017-04-20
1425,2017-04-19
1426,2017-04-18
1427,2017-04-17
1428,2017-04-16
1429,2017-04-15
1430,2017-04-14
1431,2017-04-13
1432,2017-04-12
1433,2017-04-11
1434,2017-04-10
1435,2017-04-09
1436,2017-04-08
1437,2017-04-07
1438,2017-04-06
1439,2017-04-05
1440,2017-04-04
1441,2017-04-03
1442,2017-04-02
1443,2017-03-31
1444,2017-03-30
1445,2017-03-29
1446,2017-03-28
1447,2017-03-27
1448,2017-03-26
1449,2017-03-25
1450,2017-03-24
1451,2017-03-23
1452,2017-03-22
1453,2017-03-21
1454,2017-03-20
1455,2017-03-18
1456,2017-03-17
1457,2017-03-16
1458,2017-03-15
1459,2017-03-14
1460,2017-03-13
1461,2017-03-12
1462,2017-03-11
1463,2017-03-10
1464,2017-03-09
1465,2017-03-08
1466,2017-03-07
1467,2017-03-06
1468,2017-03-04
1469,2017-03-03
1470,2017-03-02
1471,2017-03-01
1472,2017-02-28
1473,2017-02-27
1474,2017-02-26
1475,2017-02-25
1476,2017-02-24
1477,2017-02-23
1478,2017-02-22
1479,2017-02-21
1480,2017-02-20
1481,2017-02-19
1482,2017-02-18
1483,2017-02-17
1484,2017-02-16
1485,2017-02-15
1486,2017-02-14
1487,2017-02-13
1488,2017-02-12
1489,2017-02-11
1490,2017-02-10
1491,2017-02-09
1492,2017-02-08
1493,2017-02-07
1494,2017-02-06
1495,2017-02-05
1496,2017-02-04
1497,2017-02-03
1498,2017-02-02
1499,2017-02-01
1500,2017-01-31
1501,2017-01-30
1502,2017-01-29
1503,2017-01-28
1504,2017-01-27
1505,2017-01-26
1506,2017-01-25
1507,2017-01-24
1508,2017-01-23
1509,2017-01-22
1510,2017-01-21
1511,2017-01-20
1512,2017-01-19
1513,2017-01-18
1514,2017-01-17
1515,2017-01-16
1516,2017-01-15
1517,2017-01-14
1518,2017-01-13
1519,2017-01-12
1520,2017-01-11
1521,2017-01-10
1522,2017-01-09
1523,2017-01-08
1524,2017-01-07
1525,2017-01-06
1526,2017-01-05
1527,2017-01-04
1528,2017-01-03
1529,2017-01-02
1530,2017-01-01
1531,2016-12-31
1532,2016-12-30
1533,2016-12-29
1534,2016-12-28
1535,2016-12-27
1536,2016-12-26
1537,2016-12-24
1538,2016-12-23
1539,2016-12-22
1540,2016-12-21
1541,2016-12-20
1542,2016-12-19
1543,2016-12-18
1544,2016-12-17
1545,2016-12-16
1546,2016-12-15
1547,2016-12-14
1548,2016-12-13
1549,2016-12-12
1550,2016-12-11
1551,2016-12-10
1552,2016-12-09
1553,2016-12-08
1554,2016-12-07
1555,2016-12-06
1556,2016-12-05
1557,2016-12-04
1558,2016-12-03
1559,2016-12-02
1560,2016-12-01
1561,2016-11-30
1562,2016-11-29
1563,2016-11-28
1564,2016-11-27
1565,2016-11-26
1566,2016-11-25
1567,2016-11-23
1568,2016-11-22
1569,2016-11-21
1570,2016-11-20
1571,2016-11-19
1572,2016-11-18
1573,2016-11-17
1574,2016-11-16
1575,2016-11-15
1576,2016-11-14
1577,2016-11-13
1578,2016-11-12
1579,2016-11-11
1580,2016-11-10
1581,2016-11-09
1582,2016-11-08
1583,2016-11-07
1584,2016-11-03
1585,2016-11-02
1586,2016-11-01
1587,2016-10-31
1588,2016-10-30
1589,2016-10-29
1590,2016-10-28
1591,2016-10-27
1592,2016-10-26
1593,2016-10-25
1594,2016-10-24
1595,2016-10-23
1596,2016-10-22
1597,2016-10-21
1598,2016-10-20
1599,2016-10-19
1600,2016-10-18
1601,2016-10-17
1602,2016-10-15
1603,2016-10-14
1604,2016-10-13
1605,2016-10-12
1606,2016-10-11
1607,2016-10-10
1608,2016-10-09
1609,2016-10-08
1610,2016-10-07
1611,2016-10-06
1612,2016-10-05
1613,2016-10-04
1614,2016-10-03
1615,2016-10-01
1616,2016-09-30
1617,2016-09-29
1618,2016-09-28
1619,2016-09-27
1620,2016-09-26
1621,2016-09-25
1622,2016-09-23
1623,2016-09-22
1624,2016-09-21
1625,2016-09-20
1626,2016-09-19
1627,2016-09-18
1628,2016-09-17
1629,2016-09-16
1630,2016-09-15
1631,2016-09-14
1632,2016-09-13
1633,2016-09-12
1634,2016-09-11
1635,2016-09-10
1636,2016-09-09
1637,2016-09-08
1638,2016-09-07
1639,2016-09-06
1640,2016-09-05
1641,2016-09-03
1642,2016-09-02
1643,2016-09-01
1644,2016-08-31
1645,2016-08-30
1646,2016-08-29
1647,2016-08-28
1648,2016-08-27
1649,2016-08-26
1650,2016-08-25
1651,2016-08-24
1652,2016-08-23
1653,2016-08-22
1654,2016-08-21
1655,2016-08-20
1656,2016-08-19
1657,2016-08-18
1658,2016-08-17
1659,2016-08-16
1660,2016-08-15
1661,2016-08-14
1662,2016-08-13
1663,2016-08-12
1664,2016-08-11
1665,2016-08-10
1666,2016-08-09
1667,2016-08-08
1668,2016-08-07
1669,2016-08-06
1670,2016-08-05
1671,2016-08-04
1672,2016-08-03
1673,2016-08-02
1674,2016-08-01
1675,2016-07-31
1676,2016-07-29
1677,2016-07-28
1678,2016-07-27
1679,2016-07-26
1680,2016-07-25
1681,2016-07-24
1682,2016-07-23
1683,2016-07-22
1684,2016-07-21
1685,2016-07-20
1686,2016-07-19
1687,2016-07-18
1688,2016-07-17
1689,2016-07-16
1690,2016-07-15
1691,2016-07-14
1692,2016-07-13
1693,2016-07-12
1694,2016-07-11
1695,2016-07-10
1696,2016-07-09
1697,2016-07-08
1698,2016-07-07
1699,2016-07-06
1700,2016-07-05
1701,2016-07-03
1702,2016-07-02
1703,2016-07-01
1704,2016-06-30
1705,2016-06-29
1706,2016-06-28
1707,2016-06-27
1708,2016-06-26
1709,2016-06-25
1710,2016-06-24
1711,2016-06-23
1712,2016-06-22
1713,2016-06-21
1714,2016-06-20
1715,2016-06-19
1716,2016-06-18
1717,2016-06-17
1718,2016-06-16
1719,2016-06-15
1720,2016-06-14
1721,2016-06-13
1722,2016-06-12
1723,2016-06-11
1724,2016-06-10
1725,2016-06-09
1726,2016-06-08
1727,2016-06-07
1728,2016-06-06
1729,2016-06-05
1730,2016-06-04
1731,2016-06-03
1732,2016-06-02
1733,2016-06-01
1734,2016-05-31
1735,2016-05-30
1736,2016-05-28
1737,2016-05-27
1738,2016-05-26
1739,2016-05-25
1740,2016-05-24
1741,2016-05-23
1742,2016-05-22
1743,2016-05-21
1744,2016-05-20
1745,2016-05-19
1746,2016-05-18
1747,2016-05-17
1748,2016-05-16
1749,2016-05-15
1750,2016-05-14
1751,2016-05-13
1752,2016-05-12
1753,2016-05-11
1754,2016-05-10
1755,2016-05-09
1756,2016-05-08
1757,2016-05-06
1758,2016-05-05
1759,2016-05-04
1760,2016-05-03
1761,2016-05-02
1762,2016-05-01
1763,2016-04-30
1764,2016-04-29
1765,2016-04-28
1766,2016-04-27
1767,2016-04-26
1768,2016-04-25
1769,2016-04-24
1770,2016-04-23
1771,2016-04-22
1772,2016-04-21
1773,2016-04-20
1774,2016-04-19
1775,2016-04-18
1776,2016-04-17
1777,2016-04-16
1778,2016-04-15
1779,2016-04-14
1780,2016-04-13
1781,2016-04-12
1782,2016-04-11
1783,2016-04-10
1784,2016-04-09
1785,2016-04-08
1786,2016-04-07
1787,2016-04-06
1788,2016-04-05
1789,2016-04-04
1790,2016-04-03
1791,2016-04-02
1792,2016-04-01
1793,2016-03-31
1794,2016-03-30
1795,2016-03-29
1796,2016-03-28
1797,2016-03-27
1798,2016-03-26
1799,2016-03-25
1800,2016-03-24
1801,2016-03-23
1802,2016-03-22
1803,2016-03-21
1804,2016-03-20
1805,2016-03-19
1806,2016-03-18
1807,2016-03-17
1808,2016-03-16
1809,2016-03-15
1810,2016-03-14
1811,2016-03-13
1812,2016-03-12
1813,2016-03-11
1814,2016-03-10
1815,2016-03-09
1816,2016-03-08
1817,2016-03-07
1818,2016-03-06
1819,2016-03-05
1820,2016-03-04
1821,2016-03-03
1822,2016-03-02
1823,2016-03-01
1824,2016-02-29
1825,2016-02-28
1826,2016-02-27
1827,2016-02-26
1828,2016-02-25
1829,2016-02-24
1830,2016-02-23
1831,2016-02-22
1832,2016-02-21
1833,2016-02-20
1834,2016-02-19
1835,2016-02-18
1836,2016-02-17
1837,2016-02-16
1838,2016-02-15
1839,2016-02-14
1840,2016-02-13
1841,2016-02-12
1842,2016-02-11
1843,2016-02-10
1844,2016-02-09
1845,2016-02-08
1846,2016-02-07
1847,2016-02-06
1848,2016-02-05
1849,2016-02-04
1850,2016-02-03
1851,2016-02-02
1852,2016-02-01
1853,2016-01-31
1854,2016-01-30
1855,2016-01-29
1856,2016-01-28
1857,2016-01-27
1858,2016-01-26
1859,2016-01-25
