SCAMID,MONEY_ID
0,0
2,1
2,2
2,1
2,3
2,4
2,5
2,6
7,7
19,8
19,9
19,10
19,8
32,11
32,12
32,13
32,14
32,2
32,15
37,16
41,17
42,17
42,18
55,19
63,20
75,21
75,22
75,21
75,23
75,24
75,21
75,25
75,26
75,26
78,20
78,20
82,27
82,28
82,29
82,30
82,31
82,31
82,32
82,31
85,33
104,34
111,4
111,4
120,35
122,21
130,36
130,32
132,37
134,38
137,39
137,37
140,40
140,41
140,42
140,41
140,43
140,42
140,40
140,44
140,44
145,45
145,46
147,47
147,48
148,5
148,49
149,50
149,51
149,52
149,53
149,54
149,55
149,55
156,56
156,57
158,58
158,59
159,4
160,60
161,61
167,62
169,17
169,63
170,21
171,64
171,21
171,5
171,26
171,2
171,62
171,21
171,65
180,66
187,67
187,68
187,69
187,70
187,70
190,17
200,71
202,72
202,73
205,74
207,26
211,75
211,76
211,77
211,77
215,17
222,78
224,9
225,79
237,80
237,81
237,82
237,82
237,83
237,80
247,84
247,85
248,86
251,87
254,62
254,62
254,5
254,5
254,5
260,88
262,89
271,62
271,90
272,62
272,90
279,6
279,91
279,92
281,93
281,93
282,94
284,9
289,87
300,87
307,95
307,96
312,2
316,97
318,98
321,99
324,17
329,100
329,101
334,102
361,103
369,17
381,102
381,104
381,105
383,17
384,106
391,9
391,107
391,4
392,36
396,108
397,109
397,78
401,110
402,111
416,112
416,113
416,114
416,113
418,115
423,116
425,36
429,49
429,21
429,93
433,115
446,117
450,118
450,118
453,32
454,32
457,119
457,120
459,32
475,121
478,122
478,21
478,122
478,21
482,123
482,69
482,124
490,109
490,125
509,4
512,56
515,126
515,127
515,128
515,129
520,39
520,130
527,62
527,1
528,131
540,4
540,132
540,21
546,20
548,87
550,5
551,17
552,39
560,87
567,133
569,21
569,21
574,32
588,47
588,134
605,135
605,135
605,135
605,136
605,21
605,137
605,32
606,138
613,139
617,140
627,66
634,141
634,60
636,62
636,142
638,4
643,143
643,143
646,26
648,144
649,145
649,146
649,147
649,5
651,148
660,32
667,149
668,150
668,151
668,2
668,9
668,97
668,91
671,90
681,152
681,153
681,154
684,21
687,62
697,155
700,156
700,157
700,158
703,159
703,160
704,2
704,2
708,161
708,9
708,161
708,162
708,84
711,163
711,78
711,21
712,164
712,165
712,97
712,62
712,151
712,166
712,167
712,168
712,169
717,170
723,9
723,5
726,66
734,171
736,172
737,36
737,36
737,36
739,48
748,74
751,5
758,125
758,173
758,90
758,90
761,5
761,36
764,5
764,174
769,175
775,60
775,66
775,66
775,60
776,176
777,177
777,49
778,178
782,1
782,179
782,179
782,180
782,181
782,179
782,181
786,49
786,2
786,47
790,182
790,183
834,109
838,5
839,5
849,86
857,21
857,47
857,21
860,5
861,90
878,9
880,184
882,185
882,185
882,185
882,185
898,5
898,33
911,62
911,186
911,47
911,187
911,47
916,1
921,47
921,110
921,1
921,188
928,17
929,1
938,68
939,161
957,87
964,189
965,190
982,159
982,191
1005,26
1011,5
1011,87
1019,192
1025,193
1025,187
1029,194
1029,195
1029,196
1030,37
1030,197
1030,197
1030,198
1030,199
1035,5
1050,21
1052,125
1057,175
1057,200
1069,201
1069,39
1069,177
1069,202
1069,177
1069,39
1069,201
1070,201
1070,39
1070,177
1070,202
1070,177
1070,39
1070,201
1073,4
1073,3
1073,4
1073,62
1073,62
1076,201
1076,39
1076,177
1076,202
1076,177
1076,39
1076,201
1077,201
1077,39
1077,177
1077,202
1077,177
1077,39
1077,201
1080,4
1080,3
1080,4
1080,62
1080,62
1098,203
1098,21
1098,21
1098,97
1098,204
1098,205
1099,206
1102,6
1105,21
1105,136
1109,207
1109,208
1109,207
1110,21
1113,33
1115,5
1115,107
1116,209
1116,210
1117,107
1117,211
1117,3
1123,212
1124,32
1137,213
1137,213
1137,214
1142,5
1143,215
1143,216
1143,62
1150,36
1152,217
1159,21
1159,218
1176,17
1176,115
1177,78
1187,219
1187,220
1197,4
1197,20
1197,21
1199,5
1208,21
1209,221
1210,222
1211,78
1215,223
1215,223
1219,224
1219,225
1228,226
1230,26
1230,227
1230,5
1230,97
1230,21
1230,206
1230,21
1230,206
1230,26
1232,111
1232,228
1232,229
1232,111
1232,111
1233,230
1234,56
1236,175
1236,200
1244,2
1244,2
1245,5
1245,231
1245,232
1245,233
1245,234
1253,235
1260,68
1264,218
1275,5
1283,32
1283,236
1283,206
1283,110
1286,49
1295,62
1295,181
1295,237
1297,238
1297,239
1297,240
1297,90
1303,1
1306,241
1307,5
1309,62
1309,125
1309,242
1311,66
1315,243
1315,244
1315,21
1317,21
1317,21
1318,9
1318,245
1318,21
1318,181
1329,246
1333,150
1333,247
1333,248
1333,5
1333,249
1334,58
1343,250
1344,21
1345,9
1359,6
1374,72
1374,49
1374,107
1374,107
1376,251
1385,9
1388,5
1394,252
1397,253
1397,254
1397,255
1399,256
1401,20
1401,257
1403,148
1403,2
1403,258
1404,32
1405,187
1405,4
1405,2
1409,259
1409,260
1410,261
1410,262
1410,21
1410,197
1410,39
1415,263
1415,90
1415,264
1431,265
1431,265
1440,150
1440,90
1443,128
1446,266
1448,5
1449,267
1449,268
1449,269
1458,270
1460,62
1460,2
1461,46
1461,271
1461,272
1461,273
1461,219
1461,54
1465,274
1465,275
1465,276
1471,277
1476,5
1479,8
1480,130
1480,278
1480,279
1480,280
1481,281
1481,1
1481,47
1481,282
1481,159
1495,283
1497,26
1497,60
1500,2
1502,284
1502,136
1502,285
1511,286
1511,287
1512,288
1512,4
1517,289
1528,290
1530,291
1531,62
1531,206
1531,292
1536,36
1543,293
1543,294
1543,295
1543,296
1544,26
1544,26
1544,21
1545,297
1550,298
1550,21
1550,289
1550,299
1552,21
1561,2
1564,300
1565,2
1565,2
1569,21
1569,301
1569,21
1571,302
1571,303
1575,125
1576,302
1576,303
1580,125
1589,84
1603,304
1603,305
1605,306
1611,62
1614,307
1625,308
1625,62
1628,3
1628,21
1629,66
1629,6
1631,67
1634,62
1641,2
1641,21
1641,21
1642,309
1642,2
1646,209
1647,310
1647,289
1651,219
1655,125
1655,74
1664,5
1667,17
1667,311
1669,9
1670,146
1682,312
1682,54
1682,39
1682,312
1684,9
1686,193
1686,313
1691,227
1695,314
1695,62
1696,315
1696,92
1698,81
1698,316
1709,131
1713,62
1721,4
1728,9
1728,136
1728,303
1730,317
1738,47
1739,318
1739,319
1740,320
1740,20
1743,40
1743,41
1743,42
1743,41
1743,321
1743,42
1743,40
1743,322
1743,322
1752,323
1753,32
1753,128
1753,17
1753,60
1754,21
1756,45
1760,324
1761,32
1763,325
1763,21
1763,2
1763,21
1765,17
1771,326
1773,222
1773,109
1774,327
1775,328
1776,329
1778,107
1778,3
1778,330
1785,331
1785,87
1785,87
1785,332
1785,333
1794,334
1794,192
1794,192
1794,21
1794,335
1794,21
1794,336
1794,2
1794,5
1794,337
1794,206
1794,206
1794,338
1794,339
1794,192
1794,206
1794,340
1794,341
1794,60
1794,206
1794,21
1794,342
1794,343
1797,21
1797,87
1800,344
1802,86
1805,111
1805,345
1808,17
1808,128
1811,148
1825,182
1825,346
1829,4
1831,87
1831,206
1840,78
1844,347
1846,17
1855,348
1855,349
1855,348
1855,350
1864,33
1864,33
1866,351
1869,352
1869,36
1869,5
1871,60
1871,353
1875,36
1877,92
1895,354
1902,355
1904,356
1909,76
1912,5
1912,128
1918,136
1921,357
1923,358
1924,359
1924,4
1924,4
1926,141
1928,360
1929,361
1929,21
1933,21
1938,81
1949,2
1953,362
1953,304
1958,363
1959,364
1959,341
1962,365
1963,366
1969,361
1969,367
1969,4
1988,9
1992,368
1992,78
1992,369
1992,370
1992,20
1992,371
1992,36
1992,36
1992,26
1992,206
1992,372
1996,362
1996,86
1996,58
1996,373
2014,68
2019,9
2019,128
2020,374
2027,256
2027,128
2027,156
2027,375
2028,238
2028,2
2035,376
2038,148
2038,377
2057,21
2057,47
2057,21
2060,378
2061,107
2061,379
2061,21
2063,380
2063,381
2063,382
2063,21
2063,383
2070,312
2070,9
2070,384
2071,312
2071,9
2071,384
2073,69
2073,326
2073,385
2073,386
2076,380
2076,381
2076,382
2076,21
2076,383
2082,312
2082,9
2082,384
2083,312
2083,9
2083,384
2085,69
2085,326
2085,385
2085,386
2096,387
2098,97
2098,388
2099,389
2099,78
2099,9
2099,136
2099,6
2099,128
2099,390
2099,131
2099,21
2099,128
2100,391
2100,373
2102,392
2102,393
2108,21
2108,47
2108,21
2123,21
2131,5
2132,394
2132,5
2138,21
2138,395
2141,396
2141,26
2141,87
2141,397
2144,398
2144,399
2145,400
2147,401
2147,402
2147,210
2147,21
2147,303
2147,403
2148,404
2148,62
2148,97
2157,39
2157,54
2158,405
2158,406
2166,4
2167,407
2167,408
2167,407
2167,408
2170,409
2173,410
2175,21
2176,411
2176,247
2177,5
2181,9
2182,36
2192,223
2192,211
2194,141
2194,141
2194,60
2197,412
2202,413
2202,2
2202,136
2203,32
2203,21
2203,414
2203,191
2205,37
2205,39
2206,2
2206,415
2209,171
2216,182
2216,177
2216,416
2216,417
2220,278
2220,418
2220,419
2221,5
2221,420
2221,21
2221,421
2221,21
2221,422
2223,366
2223,62
2223,423
2223,424
2223,62
2227,1
2227,425
2227,21
2227,395
2227,426
2237,109
2240,427
2240,428
2243,401
2243,429
2243,193
2243,206
2243,109
2243,109
2243,21
2253,430
2257,60
2257,9
2259,431
2259,9
2259,431
2259,62
2259,62
2259,26
2262,39
2262,39
2267,432
2276,433
2276,92
2276,434
2276,4
2278,5
2278,435
2278,436
2280,187
2280,437
2280,438
2281,439
2281,155
2281,440
2281,439
2281,441
2281,442
2281,443
2284,9
2284,92
2288,131
2288,26
2288,26
2289,444
2289,445
2289,446
2292,286
2292,131
2293,20
2305,447
2305,448
2306,21
2311,107
2318,8
2318,32
2318,32
2326,449
2326,152
2327,450
2327,450
2330,451
2330,452
2334,453
2334,171
2334,5
2334,286
2335,454
2338,97
2338,36
2338,304
2338,36
2346,228
2346,60
2350,455
2350,21
2351,4
2351,4
2351,352
2354,309
2360,456
2360,457
2363,5
2363,435
2363,436
2364,411
2364,458
2367,4
2370,190
2374,9
2391,459
2395,21
2395,62
2395,62
2395,21
2405,460
2405,460
2405,461
2411,391
2411,373
2412,18
2412,78
2412,128
2418,462
2424,129
2429,3
2429,21
2429,3
2431,433
2431,92
2431,434
2434,463
2434,2
2434,6
2436,19
2438,464
2438,465
2442,466
2444,467
2459,5
2460,60
2461,468
2461,62
2463,300
2463,469
2463,470
2468,21
2472,155
2472,471
2472,472
2479,473
2481,86
2484,474
2484,206
2484,475
2484,476
2486,427
2486,477
2486,427
2491,439
2493,62
2497,361
2497,478
2497,479
2497,385
2510,439
2514,81
2514,480
2514,62
2514,206
2519,481
2519,482
2520,81
2520,483
2520,484
2522,39
2524,485
2524,486
2531,487
2534,488
2538,60
2541,489
2541,490
2541,107
2541,490
2541,490
2541,181
2542,87
2546,109
2556,62
2557,491
2571,492
2578,125
2578,32
2578,5
2578,340
2578,493
2578,2
2583,494
2584,6
2584,495
2588,20
2598,496
2605,497
2609,6
2617,498
2617,54
2622,2
2625,499
2625,500
2628,391
2634,501
2634,501
2634,502
2636,4
2637,503
2639,504
2640,505
2641,36
2642,506
2642,129
2643,507
2643,500
2645,60
2646,60
2650,29
2653,206
2655,508
2655,21
2655,128
2655,78
2655,136
2660,241
2663,509
2663,458
2664,510
2664,255
2664,510
2664,510
2664,255
2665,511
2680,9
2680,86
2680,4
2681,33
2683,512
2683,4
2683,513
2689,111
2689,514
2691,515
2691,62
2694,516
2699,21
2702,163
2702,163
2703,86
2703,517
2705,332
2709,518
2720,32
2720,32
2729,32
2732,519
2732,39
2732,280
2738,520
2744,5
2752,255
2752,54
2752,521
2752,235
2752,522
2752,522
2752,522
2752,235
2752,164
2752,523
2752,523
2752,523
2752,235
2752,524
2752,525
2752,525
2752,524
2767,17
2767,128
2768,9
2768,92
2769,21
2782,187
2785,526
2787,527
2787,275
2787,528
2787,529
2787,341
2787,2
2787,530
2787,531
2787,356
2787,1
2787,529
2787,2
2788,532
2790,92
2793,223
2793,69
2793,36
2793,326
2793,386
2793,533
2793,534
2793,535
2793,536
2793,537
2793,538
2793,537
2793,2
2793,306
2799,140
2799,539
2799,97
2799,539
2799,540
2799,540
2799,541
2799,542
2799,543
2799,273
2799,539
2799,540
2799,273
2800,544
2800,545
2803,1
2809,136
2809,109
2813,21
2813,1
2813,289
2819,39
2824,546
2824,546
2825,547
2825,548
2825,549
2828,1
2828,550
2828,206
2828,21
2829,551
2834,33
2840,206
2845,552
2845,20
2848,229
2853,206
2853,4
2853,305
2853,26
2855,553
2856,219
2856,84
2856,219
2856,554
2856,84
2856,555
2859,140
2860,26
2860,556
2860,109
2862,33
2862,263
2867,557
2867,21
2869,558
2869,559
2877,39
2877,54
2877,421
2877,279
2877,560
2877,182
2878,26
2878,21
2882,21
2885,90
2885,561
2890,36
2891,562
2897,5
2901,97
2901,164
2901,97
2904,563
2904,21
2904,91
2904,21
2913,177
2913,177
2913,2
2913,177
2913,177
2913,564
2913,5
2913,3
2913,3
2913,149
2919,86
2929,565
2929,566
2932,5
2937,567
2937,62
2939,81
2939,125
2942,17
2949,568
2949,569
2951,17
2954,570
2956,125
2958,39
2962,62
2967,17
2970,5
2973,180
2973,21
2973,571
2975,21
2977,572
2977,1
2977,573
2977,572
2981,421
2984,109
2984,5
2985,84
2985,84
2988,131
2988,421
2988,131
2988,131
2990,574
2990,575
2990,187
2990,576
2990,90
2990,577
2990,578
2990,259
2991,97
2994,579
2995,580
3003,581
3003,582
3003,581
3004,583
3008,21
3008,18
3009,35
3013,17
3013,131
3023,584
3024,585
3039,4
3042,90
3042,286
3042,206
3042,2
3042,586
3042,587
3044,107
3044,39
3045,588
3045,589
3045,2
3045,62
3045,97
3045,588
3045,97
3045,97
3045,62
3050,263
3050,590
3051,32
3057,591
3057,78
3057,109
3057,592
3057,109
3057,593
3060,594
3072,345
3072,595
3079,345
3079,595
3082,123
3083,596
3083,597
3083,62
3083,4
3083,9
3086,247
3086,5
3089,598
3089,4
3093,17
3096,391
3097,21
3097,21
3097,36
3099,599
3103,90
3105,97
3106,107
3106,3
3106,21
3108,131
3108,33
3108,21
3108,21
3108,2
3115,60
3115,169
3115,66
3121,182
3125,600
3132,601
3132,33
3140,54
3140,602
3140,603
3140,37
3145,350
3145,568
3156,130
3166,5
3166,164
3166,604
3168,605
3168,485
3173,6
3173,6
3173,606
3173,493
3173,6
3173,6
3174,607
3174,62
3175,21
3175,125
3175,608
3177,21
3177,609
3180,9
3185,425
3193,610
3193,110
3193,610
3194,611
3204,612
3204,304
3205,86
3205,613
3205,2
3205,2
3205,62
3205,21
3205,86
3205,531
3205,614
3205,136
3205,125
3205,615
3205,21
3205,206
3209,33
3211,21
3218,161
3219,2
3221,78
3225,4
3228,87
3231,109
3235,616
3238,81
3239,5
3239,36
3245,494
3245,494
3248,49
3248,49
3249,21
3249,26
3249,87
3249,617
3249,131
3251,3
3251,21
3259,572
3259,1
3259,573
3259,572
3260,421
3260,187
3260,618
3260,32
3262,21
3288,62
3289,619
3300,62
3300,2
3300,21
3307,620
3307,621
3308,374
3315,395
3316,456
3316,47
3321,5
3321,81
3321,21
3321,131
3321,97
3321,81
3321,21
3321,109
3321,21
3321,187
3322,21
3322,119
3325,622
3329,48
3329,623
3331,193
3333,624
3333,21
3333,624
3335,4
3335,26
3335,206
3335,4
3335,131
3335,26
3339,9
3339,2
3339,2
3339,2
3341,60
3341,625
3341,626
3348,64
3351,94
3351,627
3352,94
3352,627
3353,628
3360,629
3362,622
3369,630
3373,631
3373,498
3373,632
3375,125
3380,633
3382,97
3382,109
3382,97
3387,2
3396,32
3396,209
3396,634
3396,36
3396,209
3396,634
3396,635
3397,636
3399,32
3402,18
3402,1
3405,86
3405,5
3410,622
3411,637
3414,638
3415,639
3416,640
3433,641
3433,642
3441,209
3442,21
3443,36
3447,26
3447,21
3447,643
3447,644
3448,645
3448,646
3448,647
3458,648
3458,136
3459,649
3460,650
3461,62
3462,97
3466,21
3466,62
3469,651
3469,652
3469,653
3470,5
3470,149
3475,5
3484,654
3484,60
3486,655
3490,21
3491,656
3491,657
3491,32
3491,32
3491,32
3491,32
3491,32
3491,32
3491,32
3491,32
3491,32
3491,32
3491,32
3491,32
3491,32
3491,658
3491,659
3491,312
3491,660
3491,661
3491,662
3491,663
3491,664
3491,109
3491,32
3491,665
3492,4
3495,666
3500,182
3500,350
3510,66
3510,140
3510,667
3510,21
3510,206
3510,109
3510,131
3510,39
3513,390
3515,128
3515,300
3515,128
3515,300
3518,92
3518,434
3522,668
3522,668
3525,669
3525,421
3525,670
3525,280
3525,421
3525,421
3525,421
3527,671
3530,672
3530,219
3530,672
3530,673
3530,62
3530,62
3530,4
3531,674
3531,37
3531,675
3535,676
3535,39
3536,86
3536,141
3540,58
3544,111
3548,677
3548,140
3550,55
3550,602
3551,211
3553,331
3555,17
3556,97
3556,21
3556,1
3556,678
3556,1
3556,679
3569,62
3569,136
3571,2
3571,21
3575,62
3575,136
3577,2
3577,21
3578,556
3578,680
3582,21
3585,681
3585,306
3586,682
3587,683
3587,137
3587,308
3589,131
3589,131
3590,684
3598,685
3601,21
3601,74
3603,21
3603,47
3608,312
3609,686
3609,687
3620,5
3630,688
3630,688
3630,688
3632,689
3636,690
3638,177
3638,47
3641,136
3641,691
3641,206
3641,561
3660,556
3666,286
3666,385
3666,286
3667,21
3675,30
3675,29
3679,9
3686,21
3686,692
3686,279
3691,9
3691,693
3691,4
3693,54
3693,498
3701,148
3704,2
3704,47
3704,62
3704,62
3705,78
3705,128
3709,694
3709,695
3722,5
3722,435
3722,436
3724,125
3724,32
3724,81
3724,92
3724,4
3724,173
3724,696
3724,308
3727,697
3734,698
3739,303
3739,62
3739,458
3739,62
3739,62
3739,62
3739,62
3739,458
3739,303
3745,1
3746,699
3746,700
3747,78
3747,21
3750,701
3751,702
3751,703
3754,704
3759,705
3759,39
3759,706
3759,707
3766,56
3767,62
3767,2
3768,708
3773,86
3773,86
3773,709
3776,5
3778,97
3778,97
3781,156
3785,6
3785,62
3785,2
3785,190
3788,32
3789,688
3807,4
3813,4
3813,2
3813,21
3819,1
3822,26
3822,710
3822,2
3822,711
3822,304
3828,21
3833,712
3836,36
3836,109
3837,97
3839,24
3842,21
3842,6
3849,4
3855,192
3858,9
3870,54
3874,713
3874,34
3874,279
3877,401
3877,714
3877,714
3877,21
3878,26
3878,715
3878,26
3878,26
3879,107
3880,107
3881,125
3882,4
3882,4
3882,125
3886,716
3893,717
3893,62
3906,718
3917,702
3919,5
3935,719
3938,2
3938,323
3938,2
3938,606
3939,5
3945,107
3946,107
3949,182
3949,720
3950,5
3950,36
3950,81
3960,5
3963,21
3965,5
3965,454
3965,721
3966,219
3966,722
3971,21
3972,131
3972,21
3974,723
3979,21
3979,2
3980,24
3983,1
3987,32
3988,440
3988,17
3988,190
3988,724
3988,17
3988,190
3995,2
3996,725
4002,436
4012,181
4014,1
4022,726
4022,727
4022,62
4022,32
4022,47
4022,728
4023,219
4023,128
4023,219
4023,729
4023,55
4023,500
4023,729
4023,730
4023,469
4023,219
4023,469
4023,418
4023,731
4023,418
4023,227
4023,699
4023,732
4023,34
4023,730
4025,21
4025,708
4031,611
4031,733
4033,21
4033,734
4034,97
4034,206
4034,735
4035,128
4043,177
4043,736
4044,39
4049,125
4051,5
4051,2
4051,62
4051,21
4051,737
4051,737
4051,602
4057,21
4057,738
4057,6
4060,5
4067,219
4067,350
4067,74
4067,219
4067,739
4067,740
4067,741
4068,306
4075,5
4084,32
4086,26
4089,110
4089,529
4089,21
4089,4
4093,427
4094,9
4099,40
4102,742
4104,87
4105,743
4109,744
4111,745
4116,746
4116,36
4116,21
4118,458
4120,86
4120,62
4123,5
4128,747
4129,128
4134,78
4134,748
4137,749
4137,184
4141,62
4142,699
4143,9
4147,750
4147,62
4149,750
4149,62
4150,751
4158,752
4158,752
4158,752
4158,110
4158,69
4158,326
4158,386
4158,14
4158,753
4158,754
4158,755
4158,752
4158,5
4161,756
4161,757
4161,171
4161,758
4161,531
4161,531
4163,130
4163,97
4163,303
4163,78
4168,177
4168,736
4171,86
4176,759
4178,219
4178,683
4178,683
4178,760
4178,716
4178,32
4178,554
4178,125
4184,761
4184,24
4184,762
4184,763
4185,404
4190,764
4191,81
4191,360
4191,21
4191,765
4195,26
4197,5
4198,495
4198,137
4198,308
4200,33
4200,36
4202,62
4202,78
4203,21
4203,5
4209,5
4214,766
4218,388
4222,5
4222,47
4229,688
4230,26
4247,187
4247,350
4247,767
4254,768
4254,768
4254,768
4254,768
4261,21
4266,769
4266,770
4266,771
4266,772
4266,773
4266,774
4266,775
4269,776
4273,395
4273,21
4286,562
4292,4
4292,47
4296,454
4297,5
4297,356
4297,6
4297,48
4297,187
4297,156
4298,110
4300,90
4301,81
4302,485
4302,21
4302,97
4302,5
4303,5
4309,9
4312,495
4312,137
4312,308
4318,21
4318,2
4319,777
4322,39
4322,445
4324,778
4324,778
4326,779
4328,780
4334,4
4334,26
4335,5
4335,136
4335,5
4335,97
4336,90
4336,330
4336,781
4337,97
4339,2
4341,489
4342,782
4342,783
4342,784
4346,269
4346,785
4348,32
4349,9
4349,148
4349,162
4350,125
4368,81
4369,786
4372,87
4372,193
4382,97
4382,97
4382,787
4390,385
4408,707
4408,421
4413,788
4413,48
4424,789
4424,54
4434,4
4434,4
4435,790
4436,113
4436,29
4436,113
4436,113
4436,62
4436,9
4436,9
4436,62
4436,791
4436,113
4436,792
4442,86
4446,793
4449,794
4449,606
4452,36
4453,135
4453,795
4454,312
4454,796
4458,45
4458,4
4458,797
4458,797
4459,36
4464,62
4464,90
4464,62
4464,62
4464,20
4465,798
4465,21
4473,799
4473,800
4473,801
4473,802
4473,803
4473,804
4473,805
4473,802
4473,803
4474,97
4474,17
4474,221
4477,21
4479,111
4479,806
4479,807
4479,807
4479,808
4479,806
4484,177
4484,279
4488,182
4492,84
4496,809
4498,395
4504,62
4508,40
4512,810
4512,139
4512,34
4514,692
4514,5
4514,811
4517,812
4518,9
4520,2
4520,5
4520,206
4522,631
4530,797
4531,209
4531,74
4533,813
4533,341
4533,2
4538,814
4538,815
4540,26
4540,21
4542,303
4542,303
4546,714
4546,4
4551,62
4552,206
4557,32
4557,209
4557,32
4558,107
4564,9
4575,211
4575,9
4575,2
4575,62
4575,21
4576,816
4581,817
4581,21
4582,5
4582,136
4582,5
4583,9
4592,26
4592,1
4592,78
4604,4
4604,20
4607,418
4607,818
4607,177
4608,5
4608,109
4608,209
4610,702
4610,97
4610,819
4610,820
4611,97
4611,62
4615,821
4615,149
4621,627
4621,822
4621,62
4624,58
4624,131
4626,131
4629,823
4630,148
4632,97
4632,36
4634,97
4634,206
4634,90
4637,5
4637,156
4637,5
4637,824
4641,825
4643,187
4658,92
4665,32
4665,128
4665,97
4665,151
4667,192
4667,192
4667,192
4670,826
4670,309
4670,62
4682,131
4682,827
4684,26
4684,828
4684,828
4684,828
4688,5
4688,156
4688,5
4688,824
4690,123
4690,829
4690,830
4694,32
4703,39
4703,39
4703,303
4715,206
4715,2
4715,206
4715,2
4715,65
4715,2
4715,191
4715,21
4715,821
4715,21
4716,97
4716,62
4717,259
4717,21
4717,21
4720,107
4721,6
4721,6
4721,831
4721,32
4722,149
4722,2
4722,832
4723,223
4723,223
4723,193
4723,193
4723,223
4723,193
4728,21
4728,22
4738,32
4741,833
4744,834
4744,1
4744,62
4744,62
4747,21
4754,32
4754,577
4756,211
4756,368
4759,206
4765,26
4765,26
4770,111
4770,198
4772,835
4772,836
4773,78
4773,246
4773,369
4773,20
4773,837
4773,290
4775,721
4775,721
4782,17
4782,17
4782,838
4782,839
4782,17
4784,5
4789,97
4793,840
4795,126
4799,32
4802,48
4802,48
4802,5
4804,841
4810,489
4810,4
4810,9
4814,17
4814,454
4817,21
4824,190
4840,9
4844,5
4846,55
4846,78
4846,6
4857,699
4860,128
4861,78
4861,97
4861,131
4861,842
4861,109
4861,206
4861,21
4861,21
4861,21
4861,2
4861,62
4861,21
4861,843
4868,86
4869,494
4869,844
4872,845
4872,109
4872,109
4872,846
4872,766
4872,847
4872,206
4872,766
4879,5
4880,32
4880,131
4880,60
4883,125
4884,86
4889,494
4889,47
4893,848
4893,81
4893,206
4893,17
4903,849
4903,850
4909,604
4909,674
4909,206
4909,21
4909,305
4910,32
4913,60
4928,427
4928,477
4928,427
4934,851
4934,345
4935,852
4937,131
4937,4
4937,78
4942,32
4942,247
4945,26
4949,66
4949,727
4949,184
4949,539
4949,306
4949,26
4951,4
4951,853
4956,21
4957,854
4957,32
4957,17
4957,32
4957,17
4960,855
4960,855
4960,856
4960,856
4960,857
4960,858
4960,859
4960,860
4961,62
4965,123
4966,66
4966,727
4966,184
4966,539
4966,306
4966,26
4967,206
4968,861
4968,862
4971,76
4973,209
4979,300
4984,47
4990,863
4990,864
4990,865
4990,866
5005,867
5005,498
5005,868
5005,868
5007,727
5013,97
5013,74
5016,5
5016,136
5016,5
5017,869
5017,4
5017,4
5017,125
5023,813
5023,26
5023,21
5026,727
5030,32
5031,136
5031,870
5031,421
5031,871
5031,872
5031,136
5031,810
5031,421
5031,674
5032,303
5032,5
5032,125
5037,873
5037,874
5037,62
5037,2
5038,875
5039,86
5039,49
5043,797
5043,21
5055,876
5058,90
5068,877
5074,877
5080,878
5084,97
5084,879
5084,880
5084,881
5084,21
5088,429
5089,882
5089,125
5089,107
5089,62
5089,883
5089,310
5089,884
5091,56
5091,56
5096,708
5096,131
5096,4
5103,86
5103,49
5108,9
5116,4
5116,21
5133,2
5133,2
5133,2
5133,2
5134,107
5136,885
5136,62
5136,26
5136,2
5148,62
5148,206
5148,131
5155,886
5155,885
5167,66
5169,887
5169,525
5169,190
5169,887
5172,171
5180,888
5184,40
5186,889
5186,129
5186,6
5194,206
5194,890
5194,206
5194,890
5194,136
5194,136
5194,891
5194,892
5194,893
5196,21
5199,894
5199,895
5199,4
5199,303
5199,8
5199,125
5199,36
5202,271
5203,896
5208,9
5209,897
5211,221
5211,702
5211,97
5211,498
5211,260
5211,898
5213,899
5216,298
5216,298
5216,298
5220,427
5220,477
5220,427
5224,4
5224,21
5228,900
5228,901
5228,902
5228,903
5231,140
5232,904
5232,905
5237,62
5237,48
5237,2
5237,5
5239,906
5239,26
5240,489
5242,5
5242,131
5242,6
5244,498
5245,86
5245,907
5245,97
5245,109
5245,5
5245,17
5248,908
5254,209
5254,909
5257,66
5258,910
5268,1
5268,911
5268,156
5268,92
5268,912
5271,155
5271,727
5274,21
5274,21
5274,26
5275,32
5283,21
5298,21
5299,913
5302,32
5302,86
5305,187
5308,914
5312,36
5312,78
5315,5
5316,141
5316,915
5316,915
5322,5
5322,87
5323,9
5324,916
5324,90
5324,36
5324,916
5325,727
5330,76
5330,97
5330,917
5330,918
5330,2
5334,69
5334,919
5338,211
5338,210
5338,210
5349,913
5350,920
5352,711
5352,921
5359,144
5359,922
5361,9
5364,21
5364,21
5366,1
5369,37
5369,219
5369,129
5376,923
5376,193
5379,649
5381,681
5384,924
5393,21
5393,21
5393,187
5395,32
5397,925
5402,4
5404,206
5405,926
5405,927
5405,173
5405,928
5405,762
5405,929
5412,930
5414,9
5414,107
5414,489
5416,86
5419,922
5420,47
5420,21
5420,439
5427,494
5427,450
5427,931
5431,47
5433,5
5436,95
5436,554
5436,255
5436,692
5436,932
5436,540
5436,858
5436,933
5436,932
5436,858
5436,692
5436,934
5436,934
5436,731
5436,935
5436,280
5436,280
5436,39
5437,936
5437,22
5439,937
5440,62
5440,78
5447,938
5454,84
5455,4
5456,5
5458,939
5458,97
5458,940
5458,941
5458,97
5458,352
5461,556
5463,942
5466,708
5468,92
5468,434
5469,943
5469,125
5469,944
5472,76
5472,49
5476,916
5478,945
5481,92
5481,434
5489,45
5490,946
5490,62
5499,947
5507,347
5507,90
5507,6
5513,609
5513,47
5514,81
5516,553
5524,868
5525,87
5528,2
5528,21
5530,156
5530,97
5530,21
5530,33
5530,156
5530,2
5530,97
5530,948
5532,949
5535,614
5540,291
5540,709
5540,950
5540,135
5544,727
5548,702
5548,62
5549,951
5551,731
5562,4
5562,81
5562,5
5562,5
5562,181
5563,312
5563,181
5563,181
5564,187
5567,952
5570,9
5570,17
5570,17
5574,4
5574,81
5574,5
5574,5
5574,181
5575,312
5575,181
5575,181
5576,187
5579,952
5582,9
5582,17
5582,17
5584,953
5589,97
5589,2
5589,954
5589,221
5589,2
5589,109
5591,614
5591,955
5591,62
5596,209
5603,851
5603,956
5610,125
5617,64
5617,97
5617,97
5619,500
5619,652
5620,303
5620,957
5629,60
5629,958
5644,86
5645,182
5651,131
5654,953
5657,959
5657,182
5657,182
5658,21
5663,960
5667,961
5668,66
5668,962
5669,5
5673,725
5679,37
5679,177
5679,182
5682,16
5682,90
5682,62
5687,66
5690,963
5690,69
5699,964
5701,97
5701,965
5703,17
5703,129
5705,352
5705,485
5705,21
5705,26
5706,9
5706,966
5708,967
5709,968
5709,2
5709,62
5709,21
5719,21
5719,97
5719,125
5725,969
5725,823
5725,970
5725,62
5725,62
5725,62
5725,971
5725,972
5725,206
5725,82
5725,17
5728,111
5729,973
5731,6
5732,17
5733,4
5734,3
5734,37
5735,206
5736,331
5736,26
5739,974
5739,498
5739,975
5739,976
5748,2
5754,183
5757,26
5757,6
5761,5
5761,977
5766,421
5766,978
5767,979
5767,206
5767,980
5767,981
5767,982
5769,116
5770,580
5770,87
5773,9
5773,87
5776,209
5777,983
5777,21
5782,17
5790,30
5790,29
5791,984
5791,985
5791,986
5793,21
5793,21
5793,987
5796,30
5796,29
5797,988
5797,2
5803,683
5803,683
5803,140
5803,140
5805,1
5805,609
5805,1
5805,1
5806,32
5811,97
5815,26
5816,59
5818,227
5818,989
5834,990
5836,62
5845,991
5849,489
5849,4
5853,87
5858,304
5859,86
5861,164
5861,87
5866,125
5866,992
5866,1
5866,5
5866,2
5866,62
5867,251
5867,993
5868,251
5868,993
5871,66
5871,60
5875,251
5875,993
5877,994
5877,109
5877,251
5878,32
5878,17
5880,69
5880,326
5887,148
5890,995
5902,819
5903,345
5905,430
5916,996
5916,21
5916,97
5916,9
5924,851
5925,498
5925,97
5925,5
5928,349
5929,294
5929,295
5929,997
5929,998
5929,999
5929,187
5929,1000
5929,187
5929,294
5929,295
5929,1001
5932,5
5935,674
5937,87
5937,21
5945,21
5945,1002
5945,87
5945,125
5945,125
5945,1002
5949,125
5949,2
5949,968
5950,192
5950,91
5950,206
5950,206
5950,86
5950,36
5958,81
5958,418
5958,385
5962,86
5962,1003
5962,1004
5968,97
5968,21
5968,1005
5969,498
5969,1006
5971,140
5971,140
5973,20
5973,20
5973,468
5978,116
5981,1007
5981,47
5982,605
5982,710
5982,109
5982,21
5983,953
5984,66
5984,60
5984,66
5984,60
5990,398
5990,1008
5990,255
5993,4
5993,97
5993,2
5994,1009
5994,493
6000,1010
6002,66
6002,1011
6002,1012
6005,36
6006,36
6012,1013
6013,5
6014,931
6014,1014
6015,1015
6021,227
6021,227
6021,1016
6021,273
6026,4
6026,103
6027,851
6027,956
6029,1017
6029,1017
6029,1
6030,5
6031,66
6034,87
6034,184
6038,21
6042,1018
6042,1019
6042,2
6043,1020
6045,141
6046,74
6046,125
6047,303
6051,20
6052,851
6052,956
6054,5
6057,159
6057,4
6057,125
6057,5
6060,1021
6061,78
6061,47
6061,1022
6061,6
6062,1023
6063,1021
6069,797
6072,797
6075,107
6077,469
6077,469
6077,469
6077,469
6077,469
6081,21
6081,1024
6084,1025
6089,62
6089,4
6091,58
6095,21
6097,86
6098,21
6098,92
6106,40
6106,41
6106,42
6106,41
6106,321
6106,42
6106,40
6106,322
6106,322
6108,1026
6115,1027
6120,495
6120,125
6122,1028
6122,177
6123,4
6123,20
6130,54
6130,1029
6134,1030
6136,1031
6138,97
6143,962
6143,39
6147,56
6150,1021
6164,5
6165,107
6172,62
6176,1032
6176,62
6178,9
6180,1033
6185,48
6186,729
6189,32
6189,32
6189,1034
6193,9
6197,1035
6198,86
6199,278
6201,1036
6201,62
6205,1037
6207,45
6207,4
6211,9
6212,140
6214,863
6214,1038
6214,1039
6214,1039
6214,863
6214,863
6215,1040
6215,1041
6215,219
6215,1042
6216,36
6217,711
6230,62
6234,97
6234,21
6242,97
6242,103
6242,9
6242,156
6242,81
6242,2
6242,21
6244,84
6244,1043
6245,1044
6246,97
6246,9
6251,421
6253,1
6253,1045
6253,92
6258,2
6259,1046
6260,1047
6260,211
6260,5
6260,21
6261,175
6261,49
6274,1048
6274,819
6274,819
6275,36
6277,74
6279,206
6279,184
6282,9
6284,9
6286,617
6286,1049
6286,1029
6290,92
6290,434
6291,5
6292,1050
6292,182
6292,277
6293,123
6293,1051
6298,618
6298,32
6298,618
6298,32
6300,1052
6302,1053
6302,1025
6312,21
6312,1054
6312,97
6312,1055
6312,1056
6312,62
6312,136
6317,699
6317,490
6317,606
6317,385
6329,1057
6329,4
6329,1058
6329,503
6329,1059
6329,1058
6329,1060
6330,1061
6330,394
6333,62
6352,1062
6358,21
6361,4
6365,1063
6366,247
6369,209
6385,1064
6387,86
6388,9
6393,109
6399,716
6400,107
6407,62
6412,922
6412,62
6419,16
6419,4
6419,177
6419,2
6419,211
6421,4
6425,2
6426,107
6436,107
6439,91
6439,568
6439,569
6440,9
6457,1065
6457,1065
6458,5
6458,97
6463,56
6473,151
6474,493
6474,4
6483,1066
6483,1067
6484,493
6484,4
6486,1068
6486,92
6486,434
6486,434
6496,1069
6497,97
6497,798
6497,21
6498,1070
6498,1071
6501,1072
6502,122
6504,97
6507,9
6507,1073
6508,1074
6516,21
6516,21
6516,109
6520,1075
6520,1076
6521,995
6521,1077
6522,658
6522,1078
6522,1079
6535,62
6536,1080
6538,97
6544,486
6544,21
6544,62
6544,486
6544,340
6544,136
6548,128
6548,21
6548,182
6556,62
6558,1081
6558,109
6561,110
6561,69
6561,326
6561,386
6561,110
6561,14
6561,753
6561,209
6561,753
6561,1082
6561,386
6561,730
6563,40
6565,257
6565,62
6565,90
6565,498
6565,1083
6565,90
6569,1084
6569,97
6569,2
6571,1084
6571,97
6571,2
6573,140
6573,128
6573,128
6573,140
6576,97
6576,78
6577,1085
6577,1086
6581,136
6589,90
6592,97
6592,39
6594,125
6594,36
6598,20
6598,1087
6598,1088
6602,179
6603,40
6613,97
6613,62
6613,97
6614,35
6614,211
6619,1089
6619,187
6621,65
6621,1090
6621,4
6621,4
6621,1091
6621,1091
6621,18
6626,62
6640,1092
6646,1072
6649,49
6651,850
6653,1093
6658,1072
6670,1094
6670,1095
6670,45
6670,1096
6676,1097
6678,2
6678,1098
6678,187
6679,36
6684,1099
6694,1100
6695,1101
6697,1102
6697,62
6697,1103
6697,206
6697,1104
6699,18
6702,1105
6707,1106
6707,264
6707,264
6707,1107
6717,2
6717,62
6717,21
6725,1071
6726,1108
6726,60
6726,440
6726,554
6726,214
6726,1109
6734,227
6737,135
6737,1110
6737,1111
6737,21
6737,156
6737,1112
6743,731
6743,355
6743,169
6743,2
6743,2
6743,1113
6743,1029
6743,1114
6743,743
6757,964
6758,62
6762,222
6762,62
6763,187
6764,2
6764,125
6764,4
6766,131
6771,716
6773,391
6775,62
6775,1115
6776,90
6785,21
6797,66
6799,1116
6802,136
6802,136
6804,937
6804,21
6804,97
6805,125
6805,180
6805,62
6807,49
6807,20
6807,1117
6810,62
6814,1118
6815,1119
6816,1120
6816,498
6818,1121
6818,62
6818,107
6818,206
6822,1122
6822,1123
6822,387
6822,609
6822,609
6822,26
6822,609
6822,26
6822,1124
6833,931
6835,4
6836,22
6838,449
6838,1125
6838,21
6838,449
6840,164
6845,331
6846,131
6846,5
6846,6
6856,95
6857,4
6862,1126
6862,125
6867,1127
6867,1128
6867,47
6867,47
6867,78
6867,193
6867,78
6869,17
6870,1129
6870,1130
6870,690
6870,1130
6870,1131
6870,1132
6870,690
6871,652
6871,109
6871,1133
6871,1134
6872,74
6872,97
6872,655
6875,645
6875,646
6875,1135
6882,97
6883,22
6883,136
6883,33
6887,21
6891,149
6891,62
6891,1136
6893,1137
6894,1138
6897,139
6900,1139
6900,32
6900,87
6901,463
6902,603
6902,1140
6902,729
6902,1141
6902,1142
6902,603
6909,1143
6909,92
6909,434
6909,92
6911,35
6913,136
6913,136
6914,86
6915,1144
6915,1145
6915,1146
6915,54
6915,1147
6922,182
6922,21
6922,905
6922,5
6935,1148
6935,33
6935,1149
6939,109
6939,468
6939,468
6939,109
6939,62
6939,317
6939,206
6939,62
6942,62
6942,971
6942,131
6942,62
6942,33
6942,1150
6942,33
6942,1150
6942,26
6942,159
6942,2
6942,97
6942,1151
6942,97
6942,26
6942,150
6942,62
6942,340
6942,26
6942,150
6942,340
6942,1152
6949,21
6962,1153
6962,1154
6962,1155
6967,54
6968,1156
6970,1157
6970,279
6970,134
6970,1158
6976,330
6982,40
6982,41
6982,42
6982,41
6982,321
6982,42
6982,40
6982,322
6982,322
6987,97
6987,32
6987,4
6987,62
6995,1159
6995,1082
7000,109
7000,1160
7002,21
7005,1161
7005,1162
7005,21
7006,21
7007,21
7010,1163
7011,1126
7011,1164
7011,512
7011,110
7011,495
7012,1025
7012,1165
7014,193
7017,97
7019,90
7020,62
7020,1166
7023,5
7023,5
7023,90
7023,221
7023,90
7028,1167
7028,1168
7036,1169
7036,21
7037,1170
7037,238
7037,21
7038,5
7039,125
7039,21
7040,1171
7045,5
7047,149
7047,62
7049,17
7049,32
7049,17
7052,540
7054,1172
7054,1173
7054,1174
7054,2
7054,81
7054,131
7054,109
7054,131
7054,131
7054,1175
7057,398
7057,1027
7058,1176
7058,4
7058,26
7059,40
7059,41
7059,42
7059,41
7059,321
7059,42
7059,40
7059,322
7059,322
7061,81
7063,812
7063,1177
7065,36
7066,5
7066,3
7066,6
7069,81
7070,812
7070,1177
7072,5
7072,3
7072,6
7078,1178
7078,56
7078,56
7080,40
7085,1179
7085,136
7086,62
7086,187
7086,1180
7091,140
7098,62
7098,78
7098,714
7110,1181
7110,21
7110,211
7112,37
7114,1182
7114,5
7114,60
7131,280
7136,32
7136,1183
7138,1184
7139,62
7139,62
7139,62
7139,206
7142,62
7147,344
7147,1185
7148,76
7149,1186
7149,1052
7149,62
7149,21
7153,710
7154,39
7159,1187
7162,90
7162,21
7162,97
7162,32
7167,62
7168,1188
7168,394
7169,6
7171,1189
7171,1190
7171,1191
7171,109
7171,290
7171,109
7171,184
7171,711
7171,227
7171,17
7171,5
7180,206
7187,131
7195,84
7199,40
7207,757
7210,4
7211,156
7214,1188
7214,394
7223,1192
7223,1192
7227,92
7227,90
7228,5
7228,956
7231,211
7233,187
7233,20
7237,1193
7247,21
7247,187
7255,184
7255,206
7255,1194
7255,206
7258,4
7258,4
7266,1195
7266,1196
7267,1197
7267,290
7271,5
7271,87
7271,5
7271,1198
7277,1199
7278,97
7278,495
7278,463
7278,2
7279,206
7289,131
7296,125
7296,26
7296,62
7299,418
7303,1200
7310,332
7310,1201
7311,21
7311,62
7311,21
7311,21
7314,699
7315,1202
7315,1203
7320,2
7320,5
7320,86
7321,350
7322,795
7328,1204
7328,911
7328,1205
7328,97
7332,175
7332,1206
7332,1207
7338,1208
7338,1209
7338,1210
7338,84
7338,540
7338,184
7338,6
7338,91
7338,884
7338,97
7339,81
7342,1172
7342,2
7342,1211
7342,2
7344,1212
7344,54
7350,122
7351,212
7358,97
7358,21
7361,227
7372,1213
7372,1214
7372,434
7372,21
7372,1215
7372,1214
7372,21
7372,1216
7372,21
7372,434
7372,21
7372,1215
7372,434
7372,21
7372,21
7374,91
7374,825
7374,1217
7377,36
7377,21
7380,6
7381,20
7388,97
7390,1218
7390,825
7395,62
7397,1219
7397,1220
7399,494
7401,131
7401,4
7412,5
7412,1221
7412,206
7412,26
7412,97
7412,5
7412,1222
7414,1223
7414,1224
7414,26
7414,715
7414,26
7416,20
7416,62
7419,125
7419,1225
7419,110
7419,125
7419,21
7419,21
7419,156
7419,21
7419,2
7419,136
7419,97
7419,4
7419,156
7419,527
7419,21
7422,175
7423,97
7423,48
7423,21
7423,136
7423,1226
7423,340
7423,95
7426,97
7426,97
7429,609
7430,197
7430,97
7438,1227
7438,97
7459,78
7461,1228
7462,1229
7466,1230
7466,171
7466,1231
7466,1232
7468,135
7468,1233
7477,1234
7478,493
7478,4
7486,5
7488,955
7488,32
7488,21
7488,1235
7488,62
7488,36
7491,86
7491,32
7491,1236
7491,32
7495,309
7498,1237
7504,48
7504,2
7504,21
7508,206
7511,1238
7514,17
7514,1239
7514,361
7515,26
7522,360
7522,858
7524,2
7524,62
7524,1240
7524,62
7524,62
7524,4
7534,1241
7534,4
7534,2
7534,5
7538,97
7545,9
7559,1242
7559,37
7559,182
7579,5
7593,1243
7602,4
7602,128
7602,128
7602,5
7604,58
7604,60
7606,1244
7606,1245
7607,1246
7612,1247
7612,97
7612,97
7622,62
7623,62
7623,1248
7624,2
7624,97
7624,2
7624,131
7624,26
7624,2
7625,1249
7626,1250
7628,78
7628,62
7632,4
7632,131
7636,1251
7636,1252
7636,1253
7636,97
7638,1254
7653,1255
7658,495
7658,171
7660,1
7663,1256
7669,279
7672,683
7684,156
7684,48
7684,466
7684,1257
7685,306
7686,84
7687,1258
7690,1068
7690,92
7690,434
7693,17
7693,454
7694,4
7706,351
7714,81
7718,140
7718,47
7729,1179
7730,149
7730,1257
7733,48
7733,1257
7733,149
7733,1257
7740,206
7751,1259
7751,950
7758,1260
7759,1261
7761,184
7763,1262
7766,1143
7767,97
7767,1263
7767,1264
7769,66
7769,131
7772,6
7772,17
7772,20
7772,81
7774,5
7774,1265
7774,209
7775,469
7782,87
7785,4
7786,1266
7786,1267
7789,129
7789,626
7790,332
7791,125
7791,17
7792,1019
7792,1268
7793,1269
7793,130
7793,3
7793,4
7793,3
7795,842
7795,1270
7803,937
7806,140
7806,721
7807,269
7817,1179
7821,1200
7822,92
7826,1271
7827,364
7827,1
7828,32
7828,9
7828,1057
7831,486
7831,21
7831,1056
7831,21
7831,340
7831,221
7831,221
7831,1272
7832,1179
7834,1200
7837,198
7837,418
7837,24
7841,2
7841,356
7841,97
7843,74
7846,1273
7846,110
7846,125
7846,21
7846,21
7846,156
7846,21
7846,2
7846,136
7846,97
7846,4
7846,156
7853,1068
7853,92
7853,434
7853,92
7853,884
7853,1274
7853,1068
7853,92
7853,434
7858,1275
7858,209
7858,81
7858,128
7860,1276
7861,1276
7865,730
7865,76
7867,1277
7873,397
7873,109
7873,109
7874,122
7874,206
7877,813
7881,1278
7889,1279
7889,74
7889,22
7889,81
7889,97
7895,4
7895,131
7895,6
7895,131
7897,1280
7898,86
7898,5
7898,2
7899,757
7910,884
7913,1281
7915,1282
7915,97
7919,1283
7919,184
7920,247
7920,36
7922,1284
7927,21
7927,1
7931,129
7934,1285
7935,1068
7935,92
7935,434
7937,5
7937,60
7939,66
7947,86
7948,1179
7951,1
7955,75
7955,1286
7955,75
7961,62
7964,1287
7967,1288
7969,1289
7973,303
7973,97
7973,62
7975,1179
7976,87
7978,931
7979,1290
7986,1179
7987,1179
7988,1179
7988,1291
7991,47
7994,5
7996,5
7999,21
7999,97
7999,247
7999,247
8000,1179
8004,9
8004,1057
8005,674
8005,87
8011,1171
8016,594
8019,1292
8021,5
8026,1179
8028,5
8028,87
8029,1179
8035,1293
8038,97
8038,90
8040,501
8043,1294
8045,1295
8047,1179
8048,1179
8052,1179
8055,78
8055,78
8055,1296
8058,1179
8059,66
8061,1179
8064,17
8064,454
8065,66
8067,1179
8070,17
8070,454
8073,1179
8074,1179
8079,1179
8083,97
8086,1179
8087,1297
8088,1298
8092,1179
8093,1179
8094,256
8101,1179
8105,1179
8106,1299
8106,775
8108,33
8111,1179
8112,5
8112,2
8113,1068
8113,92
8113,434
8115,1179
8116,97
8116,1300
8116,909
8116,1301
8116,1302
8116,97
8116,1303
8118,69
8118,66
8118,5
8122,1304
8122,1305
8123,909
8131,1306
8133,175
8133,49
8133,1307
8143,20
8144,1179
8148,517
8148,1308
8148,1308
8150,1003
8152,6
8153,1179
8155,553
8159,1179
8160,1179
8161,911
8161,167
8161,306
8161,167
8161,833
8161,306
8166,848
8166,1309
8166,1309
8171,1179
8173,1179
8174,1179
8177,727
8178,86
8179,1179
8184,9
8186,1179
8188,1179
8190,1179
8191,685
8198,62
8203,1310
8207,1179
8209,9
8211,2
8211,5
8214,1179
8215,240
8217,1179
8218,1179
8225,1179
8230,1179
8239,1311
8240,109
8241,206
8242,1287
8249,182
8249,1312
8249,527
8249,1312
8250,97
8252,1179
8255,575
8259,332
8261,340
8262,1179
8265,1313
8267,1314
8268,39
8269,9
8271,1068
8271,92
8271,434
8272,1315
8273,109
8273,97
8274,1200
8275,857
8278,1316
8278,1316
8283,1179
8285,1179
8298,1317
8299,1318
8304,1179
8307,728
8309,1179
8321,1179
8329,1143
8329,92
8329,434
8333,40
8334,1179
8336,1179
8339,48
8339,4
8339,97
8339,1319
8340,260
8344,1179
8345,75
8345,1179
8352,1317
8354,17
8354,17
8359,1179
8361,1320
8362,1303
8363,825
8363,97
8367,66
8368,32
8368,9
8375,1287
8375,21
8375,332
8375,1321
8376,1179
8377,1179
8378,9
8382,125
8382,26
8384,1179
8385,6
8385,128
8396,159
8396,97
8396,131
8398,1322
8399,1179
8400,5
8401,87
8403,1323
8403,1324
8407,2
8407,5
8407,86
8407,62
8407,116
8408,1287
8418,1179
8425,192
8425,193
8425,193
8425,2
8429,692
8429,1140
8431,398
8434,1179
8436,5
8436,97
8436,1325
8442,1326
8443,91
8443,97
8444,1327
8444,97
8448,1303
8455,1179
8458,1328
8462,1
8462,209
8462,97
8462,1329
8465,1287
8469,1330
8470,1
8470,136
8484,1331
8485,1179
8486,1332
8490,1294
8495,87
8500,290
8504,1333
8504,17
8504,22
8504,1333
8513,1284
8523,1203
8524,36
8531,9
8531,1334
8531,36
8531,2
8531,87
8534,889
8534,97
8534,458
8535,1335
8535,709
8537,123
8537,225
8537,123
8537,1336
8537,1291
8537,35
8540,175
8540,49
8541,5
8541,2
8541,4
8541,62
8541,81
8542,164
8546,692
8546,1140
8548,603
8550,97
8555,1179
8556,173
8556,97
8561,125
8561,21
8561,5
8561,2
8562,47
8566,125
8566,21
8566,5
8566,2
8567,47
8583,1337
8583,1338
8584,1179
8587,21
8597,962
8597,1339
8599,1340
8600,1179
8603,495
8604,614
8608,1179
8609,125
8609,1341
8611,5
8612,2
8612,2
8613,2
8613,62
8613,62
8613,181
8613,62
8614,1342
8617,222
8617,9
8617,36
8618,1179
8620,931
8620,905
8620,931
8621,90
8623,50
8623,1086
8623,166
8638,1179
8640,49
8641,1179
8647,1179
8648,762
8652,1179
8654,823
8656,1200
8657,9
8658,1179
8661,1179
8664,1343
8664,26
8664,109
8665,351
8667,1306
8668,1179
8672,17
8672,454
8674,9
8675,1179
8677,1179
8685,1344
8685,1345
8685,187
8685,187
8685,21
8685,33
8685,187
8687,1179
8688,187
8688,26
8689,1179
8695,1179
8696,1346
8696,182
8696,39
8698,1347
8699,26
8699,21
8699,20
8699,62
8700,1348
8701,1143
8705,1179
8709,17
8712,1179
8712,332
8717,49
8722,969
8723,32
8723,227
8723,1142
8725,1306
8727,1179
8728,1179
8730,1179
8731,609
8732,1349
8733,1350
8735,1034
8735,1351
8735,969
8745,1306
8749,1352
8758,179
8760,77
8761,131
8761,125
8764,90
8764,1353
8769,1354
8769,1329
8770,1306
8773,86
8773,140
8777,306
8784,1261
8785,1301
8786,86
8789,1355
8789,1356
8789,1356
8794,21
8796,306
8796,652
8796,1
8796,306
8796,1357
8802,1358
8802,1359
8803,1179
8807,256
8807,604
8811,1179
8812,494
8812,1360
8812,733
8812,1361
8815,1179
8816,1179
8819,1179
8821,198
8821,110
8821,1362
8821,418
8821,69
8821,1363
8821,859
8821,326
8821,1364
8821,479
8821,386
8821,1365
8821,478
8821,14
8821,140
8821,419
8821,385
8821,386
8821,278
8822,1068
8822,92
8822,434
8824,2
8824,97
8825,137
8825,1366
8828,685
8829,1179
8831,540
8832,1179
8836,9
8842,1367
8845,1179
8847,173
8848,64
8848,62
8849,62
8849,206
8850,5
8852,709
8856,708
8856,4
8856,131
8857,1368
8858,32
8865,21
8865,1369
8865,9
8873,1370
8873,4
8873,1067
8874,889
8874,97
8874,458
8876,1306
8879,1068
8879,92
8879,434
8880,526
8881,1179
8883,1179
8884,1371
8886,1306
8889,1306
8894,59
8894,609
8894,62
8898,236
8898,62
8901,609
8905,1372
8907,175
8907,49
8907,1307
8908,60
8908,2
8908,2
8908,5
8910,1179
8912,1373
8914,109
8914,97
8915,356
8925,1179
8925,21
8928,6
8931,1179
8933,1374
8933,171
8933,1375
8933,1376
8934,1377
8934,21
8935,62
8935,62
8935,62
8937,1378
8942,356
8942,125
8942,1379
8942,66
8942,62
8944,211
8944,486
8944,211
8947,1179
8947,62
8951,86
8951,60
8953,2
8959,86
8961,1179
8964,360
8966,1179
8969,54
8969,34
8969,97
8970,99
8971,1253
8972,1380
8973,1381
8973,1382
8976,97
8976,2
8976,2
8976,1023
8976,1023
8976,97
8976,1
8976,21
8976,21
8976,26
8976,21
8976,2
8978,149
8979,5
8980,1179
8982,1179
8987,1383
8995,5
8997,32
8998,1
8998,1384
8998,1385
8998,139
8998,152
9000,1179
9001,1179
9003,609
9004,1179
9005,1179
9008,5
9009,1179
9013,709
9013,2
9013,2
9013,1386
9014,1179
9017,1179
9018,182
9019,5
9020,1294
9022,21
9022,5
9022,2
9023,21
9023,5
9023,2
9025,1179
9027,1179
9028,147
9033,1294
9036,711
9036,87
9036,711
9036,312
9036,1387
9036,87
9036,1388
9037,5
9039,26
9039,26
9041,1179
9046,312
9046,97
9046,1389
9050,1179
9054,1179
9056,1306
9059,904
9065,312
9065,97
9065,1389
9069,1179
9073,1179
9075,1306
9077,904
9086,1284
9086,1163
9086,922
9090,13
9090,1390
9092,97
9092,2
9092,2
9092,1023
9092,1023
9092,97
9092,1
9095,144
9095,1391
9097,32
9097,227
9097,273
9097,21
9097,227
9097,273
9097,273
9097,5
9097,227
9102,351
9102,1392
9102,4
9106,1393
9110,1261
9112,159
9113,97
9114,1179
9115,1287
9118,1294
9119,1394
9120,1179
9125,332
9127,418
9130,1179
9131,1395
9131,125
9131,21
9135,1179
9138,6
9138,125
9138,6
9138,1396
9143,857
9144,609
9146,66
9146,1397
9146,97
9146,2
9150,2
9150,1398
9150,3
9150,6
9150,1399
9150,813
9150,74
9150,1400
9150,1401
9151,1179
9152,1179
9153,1179
9156,193
9157,1402
9157,177
9157,1403
9157,757
9157,1
9159,1404
9161,1179
9165,1179
9167,9
9167,9
9167,86
9167,148
9167,86
9167,9
9167,6
9170,4
9170,131
9171,585
9172,953
9174,1306
9179,1179
9182,738
9182,1405
9183,1179
9184,1179
9193,144
9199,5
9199,86
9199,5
9199,5
9202,1179
9203,1179
9205,4
9205,2
9205,92
9205,20
9205,20
9205,20
9206,1179
9206,332
9207,2
9207,1406
9209,1306
9210,576
9211,9
9212,1179
9213,4
9217,1407
9217,1408
9222,1300
9222,1300
9222,1300
9225,159
9226,1409
9227,1
9227,62
9227,26
9227,128
9228,1179
9231,116
9231,1410
9236,1179
9237,360
9239,86
9239,526
9239,86
9239,125
9241,1411
9243,32
9245,1412
9245,136
9247,159
9247,97
9247,62
9247,131
9253,32
9258,223
9259,187
9259,131
9259,159
9260,109
9260,5
9260,956
9262,1306
9266,136
9266,81
9266,17
9266,5
9266,187
9266,1
9267,206
9269,62
9269,144
9269,2
9269,62
9270,1179
9273,1413
9275,1179
9280,48
9283,26
9284,39
9287,1179
9291,6
9291,128
9292,1179
9293,131
9293,454
9293,9
9297,48
9297,1414
9297,62
9297,1415
9297,1416
9299,1179
9303,1179
9304,1179
9305,1179
9306,1179
9309,175
9309,49
9309,1307
9310,1417
9316,1254
9317,86
9317,1418
9321,306
9322,193
9324,1179
9324,75
9324,1179
9327,1419
9327,1420
9332,1421
9333,1422
9341,37
9341,54
9341,1423
9341,214
9341,32
9341,554
9341,1424
9341,1425
9343,1179
9348,21
9348,1426
9348,21
9348,928
9348,1426
9348,21
9348,21
9351,692
9351,962
9355,1306
9357,1306
9374,1179
9377,5
9377,825
9378,1427
9379,9
9381,1306
9391,1179
9394,1179
9401,1179
9402,1348
9406,1179
9407,20
9408,97
9408,889
9408,131
9408,751
9408,751
9412,175
9412,49
9415,193
9415,222
9417,125
9417,287
9419,131
9419,62
9425,1428
9432,1303
9445,1429
9445,21
9445,2
9445,206
9445,206
9445,74
9450,2
9457,193
9457,97
9463,1430
9465,1431
9465,1432
9468,1433
9474,136
9476,194
9476,180
9477,193
9479,184
9479,20
9481,1434
9482,1306
9483,1435
9483,1
9483,21
9483,21
9483,21
9483,21
9486,6
9486,193
9486,6
9488,1436
9490,1437
9491,1438
9497,439
9499,1141
9499,692
9505,290
9505,229
9527,394
9527,1439
9528,97
9529,156
9530,758
9531,182
9532,290
9532,229
9535,21
9535,5
9535,1440
9540,1441
9541,86
9541,26
9542,86
9542,26
9543,1306
9552,1143
9552,92
9552,434
9554,164
9554,1442
9569,97
9569,1443
9571,66
9572,1444
9576,48
9576,909
9576,909
9576,1300
9576,909
9576,1300
9576,1300
9576,1300
9576,1300
9581,1445
9583,148
9586,1360
9587,1269
9587,1446
9587,97
9588,4
9606,122
9609,1291
9609,9
9609,247
9609,1291
9610,97
9612,1447
9614,1299
9620,125
9620,2
9620,5
9629,1179
9636,1429
9644,129
9647,1200
9656,1448
9656,97
9656,132
9657,953
9657,32
9657,97
9658,1
9658,753
9658,21
9658,180
9662,209
9662,181
9663,9
9665,909
9665,21
9675,1449
9676,187
9676,97
9676,62
9684,1316
9684,1316
9687,1450
9691,39
9691,1451
9693,658
9693,1452
9693,1005
9693,21
9693,1453
9698,222
9698,1029
9698,206
9700,32
9707,1454
9716,719
9716,719
9716,2
9730,398
9730,182
9733,1455
9734,62
9736,97
9736,303
9744,22
9744,1280
9744,969
9744,1280
9745,1456
9748,463
9748,1172
9748,60
9748,463
9750,5
9750,32
9756,182
9756,183
9756,182
9757,128
9764,1457
9767,963
9768,5
9768,91
9768,4
9768,5
9768,78
9768,1458
9768,4
9768,5
9768,303
9768,1459
9776,2
9776,136
9776,4
9776,619
9776,702
9776,5
9776,2
9781,870
9789,97
9789,91
9789,91
9789,97
9789,1460
9799,1461
9800,21
9800,21
9801,889
9801,97
9801,62
9803,5
9807,87
9809,1462
9809,398
9821,78
9821,78
9825,62
9827,1463
9829,64
9829,97
9829,97
9831,2
9832,136
9832,1464
9833,278
9833,39
9836,5
9836,209
9838,1143
9838,92
9838,434
9841,1465
9843,1466
9844,1467
9844,62
9844,2
9844,33
9844,918
9844,4
9846,4
9852,1468
9852,60
9861,4
9861,308
9861,86
9861,1469
9861,1470
9865,238
9865,585
9870,221
9872,1471
9873,32
9873,36
9884,97
9884,1472
9884,86
9888,609
9888,1473
9888,21
9894,34
9894,500
9896,1316
9896,1474
9901,4
9901,33
9905,1300
9905,1300
9907,1475
9915,1368
9919,97
9919,20
9923,1476
9924,86
9924,742
9934,1316
9934,909
9936,286
9936,1477
9936,21
9936,4
9936,4
9940,909
9942,784
9943,454
9949,97
9953,1282
9953,97
9954,1179
9958,21
9959,3
9959,97
9964,6
9967,86
9992,517
9992,1478
9993,1479
9993,131
9997,161
9997,361
9997,361
9997,361
9997,1480
9997,1
9999,20
10003,4
10003,97
10003,4
10003,97
10003,4
10003,308
10003,4
10003,4
10003,128
10003,21
10006,4
10006,5
10017,1481
10017,1482
10017,818
10017,1483
10017,1484
10020,135
10024,97
10024,97
10024,156
10024,699
10026,83
10029,1485
10029,103
10029,1485
10030,825
10030,21
10030,1486
10030,4
10030,21
10031,182
10031,1487
10031,1488
10031,692
10032,356
10036,1489
10038,1059
10039,97
10045,1490
10045,21
10045,5
10045,211
10045,49
10046,1301
10051,5
10052,332
10054,181
10057,109
10057,109
10063,109
10063,109
10068,164
10069,1491
10072,1478
10072,517
10072,498
10074,1492
10075,1492
10076,97
10080,237
10086,182
10090,86
10090,86
10092,1493
10092,21
10095,211
10097,110
10097,5
10097,26
10097,21
10097,69
10097,5
10104,9
10105,86
10106,86
10110,92
10112,1478
10112,517
10112,498
10112,62
10116,86
10119,609
10121,21
10121,21
10125,5
10127,6
10127,128
10128,6
10128,1494
10128,1495
10131,562
10131,58
10131,133
10131,356
10131,8
10132,458
10132,33
10132,109
10134,131
10135,191
10135,21
10135,21
10135,4
10135,21
10135,21
10140,1496
10142,702
10142,619
10142,397
10143,124
10143,2
10145,728
10145,532
10145,1497
10147,1498
10148,1499
10148,797
10148,164
10148,1442
10155,1500
10155,141
10160,1501
10166,1502
10168,97
10168,521
10168,521
10169,21
10173,909
10173,1303
10173,909
10173,909
10173,909
10173,1503
10175,97
10175,1504
10175,521
10175,521
10195,532
10195,495
10195,1505
10195,1506
10200,308
10200,136
10201,6
10203,128
10203,4
10211,97
10211,9
10211,658
10211,21
10211,1507
10221,1508
10222,57
10225,128
10239,909
10241,4
10241,131
10246,260
10248,532
10248,187
10248,4
10254,76
10256,5
10256,97
10257,1509
10257,1510
10257,1511
10257,1510
10257,1511
10257,1509
10261,1512
10261,131
10261,1513
10265,144
10268,1514
10273,1021
10274,60
10274,1515
10287,683
10287,182
10292,54
10292,39
10293,21
10293,1195
10301,136
10301,532
10301,62
10301,136
10302,1301
10304,1387
10310,4
10312,1516
10312,1517
10319,19
10319,1518
10320,21
10321,175
10321,49
10334,1269
10336,136
10336,532
10336,62
10336,136
10337,1519
10340,131
10342,6
10342,1494
10342,1495
10349,21
10350,1520
10350,1392
10351,36
10357,1303
10357,1300
10357,1521
10360,1522
10360,1523
10362,351
10362,351
10367,8
10367,1291
10371,36
10374,9
10378,21
10378,1524
10381,36
10381,36
10392,909
10392,909
10394,609
10400,159
10406,708
10406,4
10406,4
10406,5
10406,1525
10406,62
10406,21
10406,131
10409,496
10411,1526
10411,62
10411,97
10411,2
10415,1444
10417,603
10418,9
10432,1036
10443,22
10443,161
10443,1527
10448,58
10448,123
10448,229
10451,26
10451,86
10453,1528
10453,1529
10455,9
10456,180
10457,54
10457,674
10457,1530
10457,1531
10461,1300
10463,55
10465,97
10465,5
10465,2
10465,33
10465,2
10465,1532
10470,417
10471,1533
10471,1534
10471,1533
10475,5
10476,5
10479,1535
10479,5
10479,206
10480,147
10480,1536
10480,147
10484,1537
10484,932
10484,1538
10484,103
10484,88
10484,932
10486,1539
10495,1
10495,90
10499,9
10513,97
10513,206
10517,394
10520,108
10524,453
10525,1540
10527,1541
10537,1542
10537,21
10537,1542
10539,1543
10540,1543
10545,206
10545,21
10545,4
10547,26
10547,1544
10547,187
10547,1545
10547,692
10550,238
10551,88
10552,1546
10554,609
10557,1547
10561,88
10562,1546
10564,609
10567,1547
10573,212
10576,62
10578,857
10588,1548
10592,683
10593,1023
10593,49
10597,97
10597,21
10597,2
10597,86
10597,9
10599,1463
10599,21
10605,21
10606,62
10609,851
10609,56
10609,851
10617,5
10618,47
10618,156
10618,128
10618,1549
10625,136
10628,21
10628,1550
10633,1551
10633,1552
10633,1553
10633,1554
10633,1555
10633,1135
10634,97
10645,149
10646,58
10648,1300
10648,909
10648,1300
10648,909
10648,909
10653,500
10654,950
10655,164
10655,1556
10657,4
10657,4
10658,937
10660,5
10660,122
10663,75
10663,76
10663,81
10663,228
10663,440
10663,75
10663,86
10663,911
10675,320
10675,21
10678,609
10685,97
10685,1557
10690,21
10692,255
10692,22
10693,274
10695,26
10698,97
10699,75
10699,76
10699,81
10699,228
10699,440
10699,75
10699,86
10700,86
10701,66
10701,727
10701,184
10701,539
10701,306
10701,26
10702,140
10704,109
10708,2
10711,909
10711,356
10711,1303
10711,1303
10711,1300
10711,1558
10716,175
10716,49
10716,1307
10723,1111
10723,1559
10723,48
10723,62
10723,1111
10723,255
10723,5
10723,1559
10723,1560
10725,603
10727,216
10730,164
10730,1442
10734,4
10734,907
10734,907
10734,907
10735,1301
10735,97
10738,97
10738,1561
10738,62
10738,1562
10738,159
10738,1563
10741,123
10741,1564
10741,1564
10741,1564
10742,137
10742,526
10745,193
10745,2
10745,20
10746,1565
10747,59
10749,702
10751,32
10754,97
10754,131
10754,708
10754,131
10754,97
10754,2
10755,1158
10761,21
10769,758
10770,449
10770,97
10770,97
10770,65
10770,65
10773,125
10773,135
10773,959
10773,125
10773,918
10773,62
10773,2
10773,222
10777,54
10777,54
10777,54
10778,86
10784,356
10784,4
10786,47
10786,1566
10786,84
10786,707
10790,36
10791,32
10791,206
10793,1567
10793,498
10795,66
10797,86
10809,909
10810,131
10810,9
10812,33
10816,1568
10819,969
10822,21
10824,62
10824,33
10828,193
10828,62
10837,20
10842,69
10842,48
10842,1569
10842,1570
10843,97
10843,187
10847,1571
10860,40
10860,306
10860,1572
10860,40
10860,863
10860,1038
10860,1039
10860,1039
10860,863
10860,863
10860,1573
10860,40
10869,6
10879,1574
10882,1575
10884,5
10887,1576
10887,1577
10889,62
10889,556
10890,247
10890,1578
10890,193
10890,97
10891,576
10891,1253
10903,26
10903,1544
10903,187
10903,1545
10903,692
10904,32
10904,131
10904,463
10904,184
10912,62
10912,62
10912,32
10912,1579
10920,5
10920,1580
10928,66
10931,107
10931,97
10931,821
10934,352
10935,1142
10937,1200
10944,454
10944,1581
10947,1582
10947,32
10947,86
10948,1583
10953,1584
10953,56
10958,190
10962,1585
10967,86
10967,62
10967,62
10969,122
10972,84
10978,1586
10978,1587
10978,1588
10978,1589
10978,1590
10978,111
10978,219
10985,78
10985,48
10985,246
10985,1591
10985,1592
10985,48
10985,2
10985,5
10985,48
10985,48
10985,246
10985,246
10985,246
10991,4
10991,4
10991,766
10993,131
11000,1223
11000,1224
11000,1
11000,715
11000,26
11000,26
11000,109
11002,62
11002,1593
11002,675
11002,675
11003,1594
11004,526
11006,123
11006,66
11008,1300
11009,1571
11014,1200
11019,1595
11020,128
11025,206
11025,5
11028,97
11030,62
11032,606
11032,2
11035,419
11037,76
11037,568
11039,97
11039,9
11039,658
11039,21
11039,1507
11039,97
11039,97
11039,131
11039,81
11042,76
11042,86
11042,86
11042,32
11043,742
11043,86
11044,164
11049,1596
11050,131
11050,97
11050,5
11051,1
11051,21
11056,54
11071,122
11071,454
11072,97
11073,1597
11074,1571
11084,125
11084,486
11084,1598
11084,1599
11084,949
11085,128
11086,1596
11088,190
11089,1582
11089,32
11089,86
11091,1600
11091,889
11093,909
11093,1303
11093,909
11093,909
11093,1601
11095,1602
11096,109
11098,148
11098,397
11103,1603
11109,1604
11109,1605
11109,971
11109,1605
11120,47
11120,156
11120,128
11128,1428
11128,14
11128,5
11134,841
11138,21
11138,21
11143,1606
11144,1607
11144,1608
11146,674
11146,498
11146,498
11147,1609
11148,193
11148,531
11148,125
11149,2
11153,306
11153,1610
11153,911
11160,86
11161,1611
11161,1612
11163,47
11166,1613
11166,1307
11169,1614
11174,1615
11174,1616
11175,1617
11176,1618
11177,97
11183,1619
11183,9
11183,1619
11183,532
11183,66
11185,4
11185,4
11189,144
11189,1620
11194,136
11197,1025
11197,1621
11199,149
11199,32
11203,1622
11203,21
11205,75
11205,76
11205,81
11205,228
11205,440
11205,75
11205,86
11207,131
11207,4
11207,1623
11209,875
11209,1488
11211,1624
11213,1625
11213,1626
11213,1627
11214,391
11220,1628
11220,1629
11226,136
11226,97
11226,33
11231,147
11231,1630
11231,78
11240,1631
11240,1632
11242,1203
11242,1202
11242,1203
11242,1202
11242,1633
11242,1203
11242,1633
11242,1203
11247,1634
11247,20
11248,26
11251,1635
11252,62
11256,36
11257,49
11257,32
11257,1636
11258,86
11258,1637
11260,90
11266,414
11267,9
11267,8
11267,1638
11270,149
11270,959
11281,123
11289,164
11291,603
11291,277
11291,34
11291,674
11291,674
11292,97
11292,1331
11296,86
11298,39
11298,39
11298,858
11298,858
11298,39
11302,86
11303,1639
11304,759
11307,1596
11308,75
11312,2
11312,182
11312,1142
11335,140
11335,932
11341,1640
11342,1641
11342,69
11342,1642
11342,1200
11344,36
11344,109
11344,9
11344,5
11344,1643
11344,1644
11352,140
11355,5
11355,1645
11355,97
11357,1200
11368,62
11368,62
11368,62
11368,62
11370,260
11372,1301
11373,5
11374,362
11374,9
11374,58
11375,193
11375,945
11375,78
11375,1646
11375,78
11375,928
11375,1646
11377,34
11377,48
11378,337
11379,1303
11381,97
11381,529
11382,5
11383,197
11383,658
11384,2
11385,1647
11385,206
11385,1261
11385,227
11385,81
11390,86
11390,9
11390,86
11390,6
11392,1291
11392,850
11392,850
11392,1648
11394,1649
11394,166
11394,1650
11394,1651
11394,1649
11400,36
11403,47
11403,2
11405,125
11406,1652
11410,1374
11412,47
11418,125
11418,109
11418,48
11418,48
11423,9
11423,47
11423,21
11426,1653
11428,36
11443,97
11443,1654
11443,1655
11451,47
11452,724
11452,5
11454,125
11454,347
11454,4
11459,47
11459,47
11461,156
11461,9
11461,5
11463,2
11463,468
11463,5
11463,32
11463,1632
11468,149
11468,1444
11475,5
11477,131
11477,463
11477,184
11477,36
11479,1463
11481,164
11487,1559
11487,1655
11487,1656
11487,221
11487,5
11487,2
11487,2
11488,1657
11488,1658
11489,773
11489,711
11490,993
11491,1659
11491,1660
11491,1661
11491,1662
11493,495
11498,1663
11500,54
11500,177
11500,219
11502,1664
11502,219
11502,1301
11505,1665
11505,1666
11506,1667
11508,211
11508,1668
11508,211
11511,62
11513,1669
11518,1316
11518,1316
11519,931
11524,60
11526,47
11526,710
11526,108
11530,331
11530,1642
11530,1200
11533,47
11533,156
11533,9
11533,5
11539,128
11540,21
11540,1670
11540,825
11547,5
11558,1542
11558,136
11558,356
11558,109
11558,48
11561,1542
11561,136
11561,356
11561,109
11561,48
11569,32
11569,1671
11569,2
11576,32
11582,32
11582,5
11582,5
11582,1672
11584,159
11584,26
11592,1673
11592,4
11592,21
11592,1674
11592,1675
11593,9
11594,503
11594,503
11594,1676
11595,66
11595,1542
11595,1542
11595,136
11595,356
11595,109
11595,48
11599,97
11603,4
11608,125
11608,5
11608,1677
11610,2
11610,1678
11613,1569
11622,5
11622,2
11622,6
11622,5
11622,5
11622,5
11622,2
11629,102
11632,125
11640,140
11651,26
11651,4
11653,742
11653,97
11653,47
11653,47
11655,56
11656,774
11657,1679
11657,341
11666,107
11666,97
11666,206
11666,206
11666,2
11666,21
11666,97
11666,2
11666,206
11666,2
11666,2
11666,206
11666,21
11673,362
11673,9
11673,58
11673,373
11673,584
11673,9
11675,1680
11685,97
11685,1681
11689,1682
11689,1652
11690,1683
11691,1684
11694,1685
11697,1542
11703,1686
11703,1687
11703,1688
11705,9
11712,1689
11714,499
11714,1632
11714,2
11718,1364
11718,1363
11719,21
11720,5
11721,21
11721,21
11721,21
11721,21
11726,1071
11726,97
11726,206
11728,36
11728,36
11742,1690
11742,97
11742,1691
11748,1692
11749,525
11753,32
11753,1693
11757,1694
11757,97
11762,849
11766,131
11769,76
11769,76
11773,4
11773,2
11773,1695
11777,156
11787,1269
11787,494
11788,32
11788,1696
11789,2
11790,62
11793,1697
11793,1698
11795,1699
11795,26
11795,243
11795,1700
11797,394
11797,2
11799,140
11799,1701
11799,1702
11799,822
11801,1703
11801,498
11802,1704
11802,86
11805,1705
11805,1706
11805,1707
11808,1435
11817,1708
11821,286
11821,286
11823,1709
11823,1710
11823,1709
11824,1711
11824,47
11828,81
11828,97
11828,1712
11832,21
11832,21
11832,1713
11837,65
11839,26
11839,385
11844,116
11846,6
11846,6
11848,97
11848,1714
11856,66
11857,97
11861,26
11869,1335
11874,136
11882,21
11882,21
11885,1072
11887,394
11906,1715
11913,1215
11914,1716
11923,1717
11923,78
11927,950
11927,131
11927,136
11927,1718
11927,1719
11927,1720
11927,1721
11927,90
11927,1722
11941,164
11944,219
11944,418
11946,1723
11946,708
11947,86
11953,449
11959,1724
11959,1725
11959,1726
11960,454
11969,140
11970,18
11971,526
11971,708
11971,86
11980,1727
11984,187
11984,187
11984,1728
11984,857
11984,21
11984,136
11984,21
11985,97
11993,498
11993,500
11997,182
11998,84
11999,388
12003,78
12003,21
12004,9
12009,97
12009,1729
12009,2
12009,97
12009,1730
12009,9
12009,1731
12009,62
12009,1731
12010,97
12010,97
12012,62
12012,495
12012,214
12012,91
12012,857
12018,1732
12018,1733
12018,1734
12018,1735
12018,1736
12019,1737
12021,1738
12021,1739
12021,1
12021,21
12029,1281
12029,810
12029,4
12029,911
12029,1281
12031,32
12042,731
12047,1500
12047,5
12047,5
12047,5
12048,56
12048,1740
12050,1741
12050,1418
12060,1333
12060,1742
12060,62
12060,93
12061,1741
12061,1418
12071,1333
12071,1742
12071,62
12071,93
12072,97
12072,2
12072,2
12072,97
12072,729
12072,21
12075,177
12075,54
12084,458
12084,263
12086,97
12086,97
12086,97
12086,1311
12086,1311
12087,6
12087,340
12098,5
12100,47
12103,439
12103,2
12103,2
12103,2
12107,109
12107,1743
12113,795
12113,4
12122,164
12123,607
12126,683
12126,1
12126,33
12127,136
12133,731
12133,432
12142,140
12142,312
12142,711
12142,312
12142,812
12144,58
12144,2
12149,156
12149,5
12149,156
12157,5
12157,2
12161,62
12161,149
12163,62
12163,149
12165,1744
12165,1745
12169,1699
12169,210
12169,4
12171,1746
12175,1747
12175,151
12175,185
12175,1748
12177,49
12178,3
12181,130
12185,62
12187,394
12190,34
12190,1749
12192,512
12196,812
12196,1750
12197,658
12197,21
12197,1507
12197,415
12201,58
12202,1751
12202,1751
12202,193
12202,1752
12202,1753
12202,33
12202,193
12202,33
12202,116
12202,116
12204,1754
12209,1755
12210,5
12212,5
12212,1756
12212,97
12212,22
12212,709
12212,97
12213,759
12224,1281
12227,1370
12227,797
12227,2
12230,60
12245,86
12245,227
12245,60
12245,454
12251,26
12252,69
12252,1757
12252,1355
12252,362
12252,326
12255,1758
12255,78
12259,1622
12259,1759
12260,1269
12267,1760
12268,125
12269,2
12274,227
12278,1761
12278,1762
12278,1763
12278,86
12284,92
12297,86
12300,1764
12300,2
12300,97
12301,1431
12301,4
12302,1765
12302,175
12302,56
12302,1766
12304,62
12305,33
12307,1767
12308,4
12309,86
12318,164
12318,1768
12318,164
12321,185
12325,17
12326,5
12326,1253
12331,821
12331,526
12347,123
12347,66
12348,2
12348,97
12360,1769
12360,742
12360,140
12362,26
12369,345
12369,1770
12375,1771
12375,1772
12376,565
12376,1773
12376,1774
12376,1775
12376,1776
12379,1777
12387,9
12395,84
12400,143
12404,86
12404,1778
12411,1779
12414,1780
12414,1781
12415,197
12415,206
12415,193
12415,206
12415,193
12415,1782
12415,1783
12415,1142
12415,87
12415,87
12417,1784
12419,1785
12419,577
12419,156
12419,21
12419,156
12433,5
12433,5
12434,1238
12441,62
12447,39
12447,1786
12447,39
12447,500
12447,84
12447,1787
12447,1786
12452,97
12452,5
12452,1056
12458,617
12460,1788
12466,66
12466,66
12474,1
12474,21
12477,128
12477,1789
12477,306
12483,486
12483,1261
12484,9
12484,1790
12485,39
12485,97
12485,177
12491,1332
12492,150
12492,131
12492,86
12492,131
12496,97
12496,97
12498,36
12501,60
12501,66
12502,1791
12509,156
12509,9
12509,728
12512,2
12512,6
12512,21
12512,156
12512,397
12512,526
12513,193
12513,222
12513,1444
12513,1056
12513,4
12513,97
12514,193
12514,4
12517,1792
12517,1793
12517,1794
12528,21
12528,1029
12528,206
12532,32
12532,5
12532,391
12532,1034
12532,5
12532,5
12532,5
12532,2
12532,62
12532,5
12532,1795
12534,36
12534,193
12536,1796
12542,32
12547,1797
12549,1798
12557,21
12558,22
12566,21
12567,22
12575,1799
12582,164
12602,1019
12602,1019
12609,819
12611,1800
12611,84
12614,148
12617,4
12622,2
12622,620
12624,125
12624,5
12624,1801
12624,1802
12635,727
12637,109
12637,1803
12637,206
12639,128
12647,255
12647,672
12647,2
12660,255
12660,2
12662,4
12662,206
12662,1253
12673,1114
12674,4
12681,241
12686,221
12686,485
12686,182
12686,221
12686,221
12686,221
12695,5
12700,187
12703,81
12708,362
12708,1804
12709,1805
12716,97
12719,125
12719,655
12719,1806
12719,198
12719,1807
12719,1808
12719,110
12719,69
12719,1809
12720,4
12730,260
12733,1810
12734,161
12736,5
12738,1662
12738,136
12738,1811
12738,125
12738,1812
12738,78
12738,1813
12738,1814
12738,1815
12745,39
12749,1816
12749,1817
12749,340
12749,1818
12749,1819
12749,1820
12749,1821
12750,1822
12750,1823
12750,21
12750,21
12750,17
12754,9
12758,260
12767,181
12767,2
12769,754
12774,125
12775,1824
12776,78
12784,4
12784,1825
12790,1826
12792,26
12793,1827
12794,9
12807,1828
12807,1829
12807,1830
12807,1829
12807,1828
12811,1831
12815,69
12817,1832
12821,40
12821,41
12821,42
12821,41
12821,321
12821,42
12821,40
12821,322
12821,322
12822,228
12831,58
12831,123
12833,1833
12838,1834
12838,1834
12838,97
12838,97
12840,86
12840,1835
12840,86
12840,135
12846,1836
12849,6
12852,825
12852,150
12852,150
12852,1837
12852,150
12852,123
12852,825
12855,1838
12855,1839
12857,1840
12857,1841
12861,187
12861,6
12861,2
12861,5
12861,1842
12862,4
12862,90
12863,97
12863,1843
12863,97
12864,255
12864,255
12864,1844
12864,1845
12868,125
12869,182
12869,177
12869,1477
12869,1846
12870,60
12870,6
12870,6
12870,1844
12876,33
12876,33
12880,1082
12880,111
12900,1847
12900,1848
12903,32
12906,32
12906,1849
12908,850
12911,1850
12911,87
12913,128
12918,78
12930,1851
12932,1852
12932,1010
12933,184
12939,1853
12943,86
12943,526
12950,1253
12954,1854
12957,1855
12960,753
12963,182
12964,2
12964,6
12964,21
12964,156
12966,86
12966,1019
12966,1856
12966,87
12966,1056
12966,1857
12969,1
12969,187
12970,1858
12971,1859
12971,1860
12971,4
12978,9
12980,187
12991,1861
12991,1862
12991,609
12991,609
12991,1261
12994,1863
12997,731
12997,84
12997,32
13000,620
13000,1864
13000,821
13000,620
13000,620
13006,219
13009,87
13009,4
13011,136
13011,116
13015,60
13017,97
13017,3
13022,1865
13023,69
13023,326
13024,1866
13032,26
13035,97
13047,21
13050,585
13051,140
13060,131
13061,131
13065,494
13067,1867
13067,190
13067,26
13067,26
13071,21
13084,1868
13084,813
13084,62
13085,21
13088,1869
13088,69
13088,326
13088,386
13092,330
13092,1229
13103,1870
13104,238
13104,136
13105,1871
13106,111
13108,1872
13114,498
13115,97
13115,2
13115,173
13115,97
13115,2
13115,4
13115,449
13115,97
13115,2
13115,92
13115,5
13116,692
13116,4
13120,97
13121,76
13130,440
13130,1873
13131,21
13131,109
13136,125
13136,5
13136,825
13139,6
13139,1117
13139,1874
13140,1875
13140,260
13141,706
13143,6
13143,22
13143,2
13143,2
13143,20
13145,1876
13149,1877
13154,21
13154,2
13154,5
13154,2
13155,1878
13155,78
13155,17
13163,699
13164,97
13166,1879
13167,1880
13171,1881
13171,1882
13178,1883
13178,1884
13178,177
13178,1883
13178,177
13181,9
13182,554
13182,554
13182,1523
13182,1885
13182,1886
13182,273
13182,1887
13182,554
13182,1888
13182,1889
13182,1523
13182,554
13182,1885
13182,1886
13185,465
13188,164
13188,1890
13189,86
13194,114
13195,1891
13196,1892
13196,1893
13200,91
13200,97
13216,1443
13216,125
13216,1894
13216,9
13216,1894
13220,97
13220,2
13221,86
13222,1895
13227,125
13227,125
13239,1351
13239,17
13240,1896
13240,1897
13240,1896
13243,1898
13256,394
13268,50
13268,312
13268,312
13268,47
13268,50
13275,62
13278,1899
13284,9
13284,9
13285,32
13287,17
13287,17
13289,148
13289,362
13289,9
13289,58
13289,373
13289,584
13296,86
13297,909
13299,1619
13303,49
13310,1900
13313,2
13313,5
13313,1901
13313,683
13313,1117
13313,187
13313,1
13313,833
13313,187
13313,187
13313,2
13318,2
13321,1
13323,6
13323,97
13323,2
13323,91
13325,219
13327,1902
13331,1370
13335,190
13337,229
13339,1903
13339,568
13340,6
13340,1117
13340,1904
13344,4
13344,303
13349,1905
13358,69
13358,109
13358,5
13368,1
13368,49
13368,4
13369,1488
13372,692
13372,54
13374,20
13379,1906
13379,84
13380,654
13388,1362
13390,36
13390,36
13396,17
13396,62
13400,1907
13400,1908
13403,21
13413,1909
13413,559
13413,1910
13413,9
13413,21
13413,559
13413,1910
13413,1911
13413,177
13413,1910
13413,84
13413,21
13417,1912
13421,9
13421,181
13431,1913
13431,2
13431,2
13431,1914
13431,1853
13438,280
13438,54
13438,692
13438,1915
13439,131
13446,742
13447,916
13447,222
13454,1916
13461,1086
13461,1917
13462,255
13464,62
13464,4
13464,873
13464,692
13464,54
13464,55
13467,1918
13467,1919
13467,1918
13468,209
13471,1488
13471,177
13471,182
13471,84
13471,1920
13471,525
13471,1921
13476,21
13486,206
13487,1922
13487,1640
13493,4
13493,1
13496,6
13501,2
13507,1923
13507,32
13512,140
13514,66
13516,2
13517,1924
13517,6
13519,86
13534,62
13534,62
13534,449
13536,21
13536,21
13536,5
13537,69
13537,326
13537,386
13537,1925
13543,1926
13543,1927
13543,1928
13543,1929
13545,33
13545,9
13546,190
13548,97
13548,730
13548,1930
13548,729
13548,17
13548,54
13560,21
13568,21
13580,136
13586,6
13586,21
13587,1931
13589,97
13602,131
13613,17
13614,164
13623,1932
13628,123
13628,5
13632,1933
13632,340
13632,26
13632,87
13632,738
13632,2
13643,562
13643,212
13643,562
13643,212
13647,5
13647,751
13651,1934
13652,5
13652,1935
13655,1188
13656,131
13658,2
13658,1844
13658,2
13659,1936
13669,1937
13669,1399
13671,86
13685,62
13685,2
13686,1934
13687,1938
13692,106
13694,86
13695,576
13700,149
13702,1939
13705,123
13705,1940
13708,87
13710,97
13710,32
13710,1261
13714,762
13714,762
13714,274
13717,1941
13717,2
13723,1831
13727,81
13727,21
13727,97
13731,84
13731,1942
13737,278
13737,1943
13754,1944
13754,1057
13754,185
13761,58
13761,9
13767,585
13771,603
13772,62
13772,1117
13776,849
13793,54
13797,742
13799,1912
13802,742
13804,1945
13818,1946
13818,97
13818,849
13818,5
13818,603
13819,1900
13829,1947
13830,1948
13830,156
13830,1949
13834,4
13834,9
13834,1374
13837,125
13837,62
13838,66
13838,6
13840,2
13843,9
13864,266
13879,59
13880,54
13882,33
13889,1950
13894,32
13894,1951
13894,5
13899,5
13899,5
13899,5
13907,184
13908,54
13910,166
13910,1952
13910,1953
13910,465
13912,9
13912,1954
13912,1955
13914,6
13925,131
13927,742
13927,5
13927,4
13935,32
13937,5
13937,97
13940,643
13940,1956
13944,1938
13964,4
13972,1923
13972,32
13977,97
13977,97
13983,439
13990,62
13990,483
13990,60
13991,1709
13994,1059
13994,1957
13998,209
14008,9
14008,33
14008,33
14012,140
14012,609
14016,1958
14023,521
14025,97
14025,5
14029,9
14033,125
14033,6
14036,1959
14037,206
14047,136
14048,177
14051,21
14052,1935
14058,728
14058,1960
14059,674
14059,122
14059,26
14059,21
14066,674
14066,122
14066,26
14066,21
14067,33
14068,1961
14069,62
14070,1962
14075,4
14076,950
14088,62
14097,182
14099,4
14099,62
14101,219
14101,132
14103,495
14106,111
14106,1963
14107,9
14107,49
14108,45
14108,109
14108,26
14108,26
14110,1964
14113,90
14113,26
14113,90
14113,774
14115,1965
14115,1966
14117,5
14122,90
14122,90
14123,32
14134,33
14134,1967
14136,1013
14138,60
14138,1968
14148,1969
14150,1970
14157,263
14157,1971
14158,1972
14160,848
14161,953
14161,1613
14161,1307
14162,6
14168,21
14172,1973
14177,1333
14177,60
14179,406
14185,463
14185,116
14186,9
14186,8
14186,312
14186,9
14186,8
14199,1974
14199,553
14199,685
14199,1974
14202,1975
14203,1254
14208,1510
14208,1976
14208,1977
14208,526
14212,76
14213,1978
14213,1979
14213,209
14219,103
14229,1131
14242,62
14242,32
14243,9
14244,699
14244,699
14244,246
14244,2
14244,1980
14244,8
14244,1981
14244,58
14247,26
14247,21
14249,1982
14250,500
14251,32
14253,1983
14255,1984
14262,1985
14262,857
14262,2
14262,2
14262,2
14266,60
14266,731
14266,1041
14268,60
14271,1613
14271,1307
14279,136
14279,1986
14279,1291
14279,1987
14279,1652
14279,9
14279,1988
14279,603
14279,1291
14279,9
14279,1989
14279,1989
14279,1989
14279,2
14282,60
14284,5
14284,655
14284,5
14284,655
14284,66
14284,655
14284,655
14291,986
14291,905
14293,786
14294,1990
14294,1
14294,49
14294,4
14294,49
14294,1
14295,76
14302,97
14303,928
14303,1991
14309,1992
14311,78
14311,54
14311,1993
14311,1800
14313,260
14313,97
14315,1613
14315,32
14320,86
14320,1994
14322,9
14328,97
14330,1995
14331,1996
14333,97
14333,5
14333,1997
14333,1998
14338,609
14339,2
14340,66
14340,1999
14341,86
14341,1418
14342,2000
14342,2001
14351,1974
14351,553
14351,553
14356,66
14356,86
14358,1544
14360,5
14360,6
14360,576
14360,5
14361,48
14363,857
14363,575
14364,177
14364,198
14364,177
14364,54
14364,182
14364,498
14364,964
14364,964
14364,177
14364,198
14364,81
14364,21
14364,33
14364,81
14367,35
14370,2002
14371,9
14371,439
14371,9
14371,2003
14376,86
14376,66
14376,373
14376,584
14376,2004
14377,86
14377,463
14377,463
14381,2005
14382,2006
14382,2007
14385,36
14386,86
14386,453
14386,86
14392,2008
14392,2009
14397,84
14402,60
14402,264
14402,81
14415,2010
14415,20
14415,125
14430,32
14432,2
14432,2011
14434,2012
14437,719
14437,1912
14437,69
14437,326
14441,26
14442,182
14443,2
14443,813
14443,6
14444,1280
14444,212
14447,1897
14447,2013
14448,278
14450,857
14455,131
14459,2014
14460,2015
14460,498
14460,62
14460,1240
14460,62
14460,1240
14460,62
14463,4
14464,144
14467,1444
14472,109
14472,5
14472,5
14480,2016
14484,793
14487,5
14487,4
14487,5
14487,78
14487,5
14487,21
14487,2017
14489,86
14491,761
14498,86
14511,1131
14514,506
14516,86
14516,2018
14516,86
14522,21
14522,97
14525,2019
14525,5
14525,702
14527,180
14527,2020
14527,192
14527,2020
14532,190
14532,111
14533,145
14533,2021
14533,255
14533,2022
14534,394
14540,1935
14545,331
14546,78
14546,825
14546,825
14546,78
14548,197
14548,1616
14548,2023
14548,2023
14550,498
14551,2024
14551,2025
14564,6
14571,950
14574,2026
14574,2027
14574,2028
14576,2029
14580,1131
14581,2030
14581,97
14581,2030
14581,91
14584,32
14584,97
14584,32
14584,97
14584,32
14586,8
14586,9
14588,5
14588,702
14595,122
14599,2031
14599,4
14599,21
14599,131
14601,602
14606,2032
14610,2033
14612,2034
14616,21
14616,248
14620,1990
14620,1
14620,49
14622,182
14622,273
14625,17
14630,21
14630,2035
14632,2036
14633,182
14633,48
14633,107
14633,149
14633,97
14633,4
14633,4
14633,2037
14635,66
14635,86
14635,76
14635,76
14635,2038
14638,2
14638,2039
14638,2040
14638,2041
14638,2042
14642,778
14649,2043
14650,84
14652,857
14653,453
14658,125
14664,5
14665,2044
14665,654
14666,649
14668,21
14668,26
14670,60
14670,264
14670,81
14670,2045
14679,110
14679,1362
14679,418
14679,69
14679,1363
14679,490
14679,326
14679,1364
14679,606
14679,386
14679,1365
14679,385
14679,14
14679,140
14679,721
14684,21
14684,206
14695,181
14696,26
14704,2046
14705,93
14707,66
14709,184
14717,2047
14717,2048
14721,125
14729,110
14729,69
14734,97
14736,1066
14740,2049
14742,76
14742,182
14754,21
14754,129
14756,45
14760,681
14760,60
14760,264
14760,81
14761,556
14764,2050
14765,5
14765,2051
14771,182
14771,182
14776,97
14776,97
14777,2
14777,210
14785,177
14793,577
14793,247
14795,2052
14795,34
14795,2052
14795,2053
14795,2052
14795,2054
14806,2055
14806,2056
14806,2056
14807,32
14827,506
14829,2057
14833,2058
14837,97
14837,5
14837,116
14837,116
14839,86
14839,2059
14839,86
14839,56
14839,86
14839,56
14839,86
14839,861
14839,2060
14839,56
14839,851
14839,2061
14839,851
14839,861
14839,2060
14847,609
14849,47
14853,2062
14855,2063
14855,136
14855,131
14855,2064
14858,533
14858,533
14866,2065
14867,26
14868,20
14868,125
14868,78
14868,151
14871,2066
14871,2067
14871,771
14872,136
14872,1117
14872,6
14876,2068
14879,91
14882,2069
14886,2070
14887,2
14891,1400
14894,2
14894,2071
14894,78
14894,90
14898,139
14902,75
14902,9
14903,2072
14903,1
14903,49
14907,1434
14908,76
14909,2073
14910,1622
14910,507
14910,4
14910,187
14910,187
14910,5
14912,2074
14912,2075
14913,62
14914,585
14914,585
14914,190
14914,585
14914,190
14914,2076
14914,2077
14918,2078
14918,2079
14918,60
14918,2080
14918,81
14924,1996
14932,356
14934,37
14934,2081
14934,2082
14934,2083
14935,181
14935,9
14938,49
14943,190
14947,2084
14948,2085
14950,135
14950,2086
14953,37
14953,39
14953,280
14954,771
14954,75
14956,32
14966,21
14966,21
14968,1593
14968,1110
14975,731
14979,6
14980,227
14984,2087
14984,2088
14984,62
14984,2089
14984,62
14984,290
14984,62
14984,81
14985,78
14985,1117
14985,6
14987,123
14987,162
14987,6
14994,141
14994,9
14994,141
14999,97
15001,2090
15004,136
15017,135
15019,419
15019,198
15019,278
15027,211
15030,2091
15030,175
15030,1655
15030,2092
15032,458
15035,2093
15039,86
15039,56
15039,86
15047,495
15047,351
15048,589
15048,2094
15051,2095
15051,62
15051,2096
15052,609
15052,1537
15052,76
15052,136
15052,140
15062,86
15066,6
15066,2
15066,5
15066,1901
15066,683
15066,1117
15068,123
15068,197
15068,197
15068,58
15068,123
15069,2097
15074,26
15079,21
15080,2098
15083,122
15083,21
15087,2099
15090,2100
15090,139
15090,2101
15090,622
15090,2102
15091,21
15092,1938
15097,97
15097,9
15097,2103
15097,2104
15097,2105
15097,2106
15102,2107
15104,97
15105,81
15105,20
15106,21
15111,81
15113,86
15113,2108
15113,2109
15115,62
15116,486
15116,32
15124,1938
15125,211
15127,32
15127,1471
15127,32
15127,1471
15127,2110
15127,1471
15128,1468
15128,9
15129,2064
15131,1040
15131,108
15132,4
15132,2111
15132,719
15138,32
15138,86
15138,9
15138,47
15141,2112
15142,216
15150,32
15150,90
15150,90
15150,90
15150,1019
15154,1487
15154,279
15154,2113
15159,246
15159,4
15160,9
15160,303
15166,1373
15166,60
15167,709
15167,32
15173,786
15173,4
15176,4
15176,36
15179,90
15179,340
15179,90
15182,731
15187,4
15187,4
15188,86
15188,56
15188,86
15190,606
15190,2
15190,2114
15191,627
15197,464
15201,90
15202,131
15203,2115
15204,118
15204,1949
15209,60
15212,4
15214,4
15217,2116
15217,181
15221,2117
15230,32
15232,9
15232,2118
15232,2
15232,2119
15233,21
15233,97
15233,21
15235,2120
15235,2121
15235,2122
15235,2123
15235,2124
15235,2123
15235,2120
15235,2123
15235,2120
15235,2120
15235,842
15235,2123
15235,2120
15235,9
15235,181
15235,2122
15241,2125
15241,136
15241,5
15241,1056
15241,2126
15242,394
15242,394
15242,147
15242,5
15243,2127
15243,842
15249,62
15249,416
15251,757
15251,2128
15253,2129
15253,2130
15253,2131
15253,2131
15253,1897
15253,2131
15260,2132
15260,5
15260,885
15260,159
15260,159
15260,885
15260,1126
15260,159
15266,2133
15269,9
15270,219
15270,62
15270,305
15270,2134
15271,90
15271,578
15271,578
15275,2135
15283,743
15290,2136
15290,2137
15290,269
15290,2136
15290,2138
15290,2139
15290,2140
15290,2141
15290,269
15290,2142
15290,1765
15290,2143
15290,2143
15290,2144
15290,2145
15291,62
15293,21
15294,2146
15294,2147
15294,2148
15294,2147
15295,69
15295,1544
15295,404
15295,2149
15295,539
15295,110
15295,69
15295,326
15295,386
15295,156
15295,128
15297,21
15297,821
15297,821
15299,97
15302,2150
15302,2147
15302,2151
15303,2152
15304,228
15304,190
15304,4
15304,117
15304,305
15304,62
15304,4
15304,2153
15304,198
15310,2154
15310,2155
15314,2156
15317,2157
15317,2158
15317,731
15317,2159
15317,139
15317,2160
15320,219
15320,1159
15321,20
15321,6
15321,33
15322,1935
15322,2161
15322,2162
15323,2163
15323,2164
15323,69
15323,2165
15323,2149
15323,2131
15339,2166
15339,2
15339,97
15339,193
15339,193
15339,2
15339,62
15339,341
15339,62
15340,97
15340,125
15341,36
15343,97
15343,21
15343,526
15353,21
15353,21
15358,2167
15360,62
15360,91
15360,495
15363,1537
15363,1537
15366,775
15366,2168
15387,125
15391,2169
15399,2
15408,2170
15408,1056
15409,47
15409,21
15410,21
15410,33
15410,2171
15411,2172
15411,603
15411,2172
15411,603
15411,219
15411,2173
15413,2174
15413,39
15413,2175
15415,91
15417,1056
15417,1056
15417,1056
15418,507
15419,21
15419,26
15420,2176
15425,26
15428,2177
15430,5
15430,4
15430,5
15430,2178
15430,86
15431,577
15431,2179
15431,2180
15433,97
15443,2181
15443,2131
15448,2182
15448,512
15451,469
15452,1974
15452,110
15462,36
15462,2183
15463,408
15464,2184
15467,2
15467,6
15467,2185
15467,2185
15473,9
15475,125
15477,2186
15488,2187
15504,2188
15505,270
15507,2189
15507,709
15508,192
15508,97
15512,6
15514,21
15514,2190
15520,177
15522,2191
15522,2192
15522,2193
15524,26
15524,26
15530,131
15532,2194
15534,1
15534,47
15535,398
15535,498
15535,255
15551,4
15551,4
15551,2195
15551,4
15551,4
15551,2195
15551,4
15553,2196
15553,136
15554,699
15555,193
15555,33
15555,1924
15555,1831
15555,1066
15555,2197
15558,4
15558,4
15558,2195
15558,4
15558,4
15558,2195
15558,4
15560,2196
15560,136
15561,699
15571,58
15576,1831
15576,98
15576,1491
15576,1831
15579,2198
15582,1031
15584,2199
15584,4
15586,2200
15586,341
15588,78
15591,1488
15591,540
15591,2201
15592,78
15593,326
15593,1660
15593,2202
15593,306
15593,306
15593,386
15598,618
15598,1076
15598,618
15600,404
15600,109
15600,36
15600,2203
15601,33
15601,33
15609,2204
15613,5
15613,8
15615,2205
15618,125
15618,21
15619,918
15621,858
15621,2150
15621,858
15622,918
15628,1034
15630,84
15634,45
15641,81
15644,90
15644,2206
15644,2207
15644,2208
15644,32
15648,2060
15649,97
15649,1203
15649,2209
15652,833
15652,156
15653,125
15653,2210
15658,78
15658,2
15659,905
15661,2211
15661,2212
15667,751
15667,918
15675,136
15676,131
15678,962
15678,87
15678,2213
15678,2214
15678,62
15678,2
15678,5
15678,5
15678,2215
15686,603
15687,708
15687,97
15691,136
15691,889
15691,1291
15692,5
15694,1834
15694,2216
15694,1291
15694,32
15694,62
15694,1713
15694,2217
15710,91
15718,86
15718,2218
15718,2219
15721,2220
15721,1158
15721,501
15721,2221
15721,33
15721,2222
15721,2220
15721,2221
15721,33
15722,2223
15726,36
15727,97
15727,97
15727,2224
15727,97
15731,2225
15733,97
15733,2226
15733,97
15733,286
15733,2227
15733,1559
15733,33
15735,136
15735,136
15737,32
15737,885
15743,1468
15744,2228
15751,2229
15751,1563
15757,479
15757,2
15757,2081
15760,136
15760,26
15764,620
15766,2230
15766,2231
15766,2232
15766,54
15766,2233
15766,54
15776,2234
15778,1360
15781,2235
15781,2117
15785,37
15787,2236
15787,184
15787,539
15787,306
15787,26
15787,22
15787,22
15787,2236
15787,2
15787,905
15787,611
15787,5
15787,2
15790,149
15790,556
15796,1635
15799,2237
15799,263
